murX,murY,murZ,rightfemurX,rightfemurY,rightfemurZ,murX,murY,murZ,murX,murY,murZ,leftfemurX,leftfemurY,leftfemurZ,murX,murY,murZ,murX,murY,murZ,upperspineX,upperspineY,upperspineZ,neckX,neckY,neckZ,sphnosetipX,sphnosetipY,sphnosetipZ,sphheadtopX,sphheadtopY,sphheadtopZ,leftshoulderX,leftshoulderY,leftshoulderZ,leftelbowX,leftelbowY,leftelbowZ,leftwristX,leftwristY,leftwristZ,rightshoulderX,rightshoulderY,rightshoulderZ,rightelbowX,rightelbowY,rightelbowZ,rightwristX,rightwristY,rightwristZ
0.0,-0.14,113.91,12.77,-0.14,113.91,0.0,-0.14,113.91,0.0,-0.14,113.91,-12.77,-0.14,113.91,0.0,-0.14,113.91,0.0,-0.14,113.91,0.01,0.0,149.37,0.03,0.0,171.8,-0.08,17.38,188.21,-0.08,5.88,209.71,-18.41,1.04,166.3,-23.59,-4.05,135.59,-9.74,22.13,129.22,18.53,0.03,166.58,23.31,-3.61,135.6,8.36,22.23,130.45
0.0,-0.14,113.91,12.77,-0.14,113.91,0.0,-0.14,113.91,0.0,-0.14,113.91,-12.77,-0.14,113.91,0.0,-0.14,113.91,0.0,-0.14,113.91,0.0,0.03,149.37,-0.01,0.08,171.8,-0.12,17.54,188.12,-0.22,6.15,209.68,-18.44,1.22,166.27,-23.6,-3.92,135.56,-9.59,22.17,129.15,18.53,0.29,166.73,23.86,-1.8,135.69,7.21,23.45,133.82
0.0,-0.14,113.91499999999999,12.77,-0.14,113.92,0.0,-0.14,113.91499999999999,0.0,-0.14,113.91499999999999,-12.77,-0.14,113.91,0.0,-0.14,113.91499999999999,0.0,-0.14,113.91499999999999,-0.03,0.09,149.37,-0.08,0.23,171.8,-0.2,17.78,188.0,-0.41,6.54,209.64,-18.49,1.48,166.23,-23.63,-3.74,135.53,-9.42,22.22,129.05,18.5,0.63,166.9,24.43,0.34,135.91,6.06,24.37,137.63
0.0,-0.14,113.91499999999999,12.77,-0.14,113.92,0.0,-0.14,113.91499999999999,0.0,-0.14,113.91499999999999,-12.77,-0.14,113.91,0.0,-0.14,113.91499999999999,0.0,-0.14,113.91499999999999,-0.05,0.13,149.37,-0.14,0.35,171.8,-0.27,18.01,187.88,-0.61,6.91,209.59,-18.53,1.71,166.18,-23.62,-3.58,135.49,-9.23,22.27,128.95,18.48,0.95,167.08,24.97,2.7,136.24,5.02,24.84,141.7
0.0,-0.14,113.91,12.77,-0.14,113.92,0.0,-0.14,113.91,0.0,-0.14,113.91,-12.77,-0.14,113.9,0.0,-0.14,113.91,0.0,-0.14,113.91,-0.07,0.18,149.37,-0.2,0.48,171.79,-0.33,18.24,187.75,-0.8,7.3,209.54,-18.57,1.96,166.13,-23.63,-3.41,135.45,-9.04,22.32,128.86,18.45,1.29,167.26,25.48,5.21,136.75,4.2,24.8,145.79
0.0,-0.14,113.915,12.77,-0.14,113.93,0.0,-0.14,113.915,0.0,-0.14,113.915,-12.77,-0.14,113.9,0.0,-0.14,113.915,0.0,-0.14,113.915,-0.09,0.23,149.37,-0.27,0.61,171.79,-0.4,18.47,187.63,-0.99,7.68,209.49,-18.61,2.2,166.09,-23.64,-3.23,135.41,-8.85,22.36,128.76,18.42,1.63,167.45,25.93,7.76,137.42,3.67,24.27,149.67
0.0,-0.14,113.915,12.77,-0.14,113.93,0.0,-0.14,113.915,0.0,-0.14,113.915,-12.77,-0.14,113.9,0.0,-0.14,113.915,0.0,-0.14,113.915,-0.11,0.28,149.37,-0.34,0.74,171.79,-0.49,18.7,187.5,-1.2,8.06,209.43,-18.66,2.43,166.03,-23.63,-3.08,135.36,-8.67,22.4,128.65,18.38,1.96,167.63,26.27,10.23,138.21,3.43,23.38,153.15
0.0,-0.14,113.91,12.77,-0.14,113.93,0.0,-0.14,113.91,0.0,-0.14,113.91,-12.77,-0.14,113.89,0.0,-0.14,113.91,0.0,-0.14,113.91,-0.13,0.32,149.37,-0.39,0.85,171.79,-0.54,18.9,187.39,-1.36,8.4,209.38,-18.69,2.64,165.99,-23.63,-2.94,135.32,-8.5,22.43,128.57,18.35,2.26,167.79,26.53,12.47,139.07,3.47,22.3,156.1
0.0,-0.14,113.91499999999999,12.77,-0.14,113.94,0.0,-0.14,113.91499999999999,0.0,-0.14,113.91499999999999,-12.77,-0.14,113.89,0.0,-0.14,113.91499999999999,0.0,-0.14,113.91499999999999,-0.15,0.35,149.37,-0.44,0.95,171.79,-0.6,19.07,187.29,-1.51,8.69,209.33,-18.72,2.82,165.94,-23.62,-2.82,135.28,-8.36,22.46,128.49,18.32,2.51,167.93,26.69,14.38,139.91,3.7,21.19,158.43
0.0,-0.14,113.91499999999999,12.77,-0.14,113.94,0.0,-0.14,113.91499999999999,0.0,-0.14,113.91499999999999,-12.77,-0.14,113.89,0.0,-0.14,113.91499999999999,0.0,-0.14,113.91499999999999,-0.16,0.38,149.37,-0.48,1.02,171.78,-0.64,19.21,187.21,-1.63,8.92,209.3,-18.74,2.96,165.91,-23.61,-2.72,135.25,-8.24,22.48,128.43,18.29,2.71,168.03,26.79,15.86,140.64,4.0,20.24,160.11
0.0,-0.14,113.91499999999999,12.77,-0.14,113.94,0.0,-0.14,113.91499999999999,0.0,-0.14,113.91499999999999,-12.77,-0.14,113.89,0.0,-0.14,113.91499999999999,0.0,-0.14,113.91499999999999,-0.17,0.4,149.37,-0.51,1.07,171.78,-0.67,19.29,187.16,-1.7,9.06,209.27,-18.76,3.05,165.89,-23.6,-2.66,135.23,-8.17,22.49,128.4,18.27,2.84,168.1,26.83,16.81,141.13,4.25,19.59,161.14
0.0,-0.14,113.91499999999999,12.77,-0.14,113.94,0.0,-0.14,113.91499999999999,0.0,-0.14,113.91499999999999,-12.77,-0.14,113.89,0.0,-0.14,113.91499999999999,0.0,-0.14,113.91499999999999,-0.18,0.41,149.37,-0.54,1.1,171.78,-0.73,19.34,187.14,-1.79,9.14,209.26,-18.78,3.08,165.86,-23.59,-2.66,135.21,-8.14,22.49,128.37,18.24,2.9,168.13,26.83,17.17,141.33,4.33,19.36,161.5
0.0,-0.14,113.91499999999999,12.77,-0.14,113.94,0.0,-0.14,113.91499999999999,0.0,-0.14,113.91499999999999,-12.77,-0.14,113.89,0.0,-0.14,113.91499999999999,0.0,-0.14,113.91499999999999,-0.18,0.41,149.37,-0.54,1.1,171.78,-0.74,19.34,187.13,-1.8,9.15,209.26,-18.78,3.07,165.86,-23.57,-2.67,135.2,-8.13,22.49,128.37,18.24,2.92,168.12,26.8,17.16,141.29,4.25,19.4,161.4
0.0,-0.14,113.91499999999999,12.77,-0.14,113.94,0.0,-0.14,113.91499999999999,0.0,-0.14,113.91499999999999,-12.77,-0.14,113.89,0.0,-0.14,113.91499999999999,0.0,-0.14,113.91499999999999,-0.18,0.41,149.37,-0.54,1.1,171.78,-0.75,19.34,187.13,-1.82,9.15,209.26,-18.78,3.07,165.85,-23.55,-2.67,135.19,-8.12,22.49,128.36,18.22,2.97,168.09,26.71,17.18,141.22,3.98,19.5,161.11
0.0,-0.14,113.91499999999999,12.77,-0.14,113.94,0.0,-0.14,113.91499999999999,0.0,-0.14,113.91499999999999,-12.77,-0.14,113.89,0.0,-0.14,113.91499999999999,0.0,-0.14,113.91499999999999,-0.18,0.41,149.37,-0.54,1.1,171.78,-0.76,19.34,187.13,-1.83,9.15,209.26,-18.78,3.06,165.85,-23.53,-2.69,135.18,-8.11,22.49,128.36,18.2,3.06,168.05,26.54,17.25,141.12,3.52,19.65,160.67
0.0,-0.14,113.91499999999999,12.77,-0.14,113.94,0.0,-0.14,113.91499999999999,0.0,-0.14,113.91499999999999,-12.77,-0.14,113.89,0.0,-0.14,113.91499999999999,0.0,-0.14,113.91499999999999,-0.19,0.41,149.37,-0.56,1.1,171.78,-0.79,19.34,187.13,-1.87,9.15,209.25,-18.79,3.05,165.84,-23.51,-2.7,135.17,-8.11,22.49,128.35,18.17,3.16,168.0,26.5,17.15,140.97,3.16,19.76,160.12
0.0,-0.14,113.91499999999999,12.77,-0.14,113.94,0.0,-0.14,113.91499999999999,0.0,-0.14,113.91499999999999,-12.77,-0.14,113.89,0.0,-0.14,113.91499999999999,0.0,-0.14,113.91499999999999,-0.18,0.41,149.37,-0.56,1.09,171.78,-0.8,19.34,187.13,-1.88,9.15,209.25,-18.79,3.04,165.83,-23.49,-2.71,135.16,-8.1,22.48,128.35,18.16,3.18,167.96,27.0,16.51,140.76,3.4,19.64,159.5
0.0,-0.14,113.91499999999999,12.77,-0.14,113.94,0.0,-0.14,113.91499999999999,0.0,-0.14,113.91499999999999,-12.77,-0.14,113.89,0.0,-0.14,113.91499999999999,0.0,-0.14,113.91499999999999,-0.19,0.4,149.37,-0.56,1.09,171.78,-0.82,19.34,187.12,-1.91,9.15,209.25,-18.8,3.03,165.82,-23.47,-2.73,135.15,-8.1,22.48,128.35,18.15,3.16,167.94,27.81,15.62,140.61,4.01,19.37,158.99
0.0,-0.14,113.91499999999999,12.77,-0.14,113.94,0.0,-0.14,113.91499999999999,0.0,-0.14,113.91499999999999,-12.77,-0.14,113.89,0.0,-0.14,113.91499999999999,0.0,-0.14,113.91499999999999,-0.18,0.4,149.37,-0.56,1.09,171.78,-0.84,19.33,187.12,-1.93,9.15,209.25,-18.79,3.02,165.82,-23.45,-2.74,135.14,-8.09,22.47,128.35,18.15,3.12,167.93,28.5,14.8,140.5,4.62,19.1,158.65
0.0,-0.14,113.91499999999999,12.77,-0.14,113.94,0.0,-0.14,113.91499999999999,0.0,-0.14,113.91499999999999,-12.77,-0.14,113.89,0.0,-0.14,113.91499999999999,0.0,-0.14,113.91499999999999,-0.18,0.4,149.37,-0.56,1.08,171.78,-0.85,19.33,187.12,-1.94,9.14,209.25,-18.79,3.0,165.81,-23.43,-2.76,135.14,-8.09,22.47,128.35,18.15,3.09,167.91,29.07,14.04,140.4,5.19,18.85,158.41
0.0,-0.14,113.91,12.77,-0.14,113.93,0.0,-0.14,113.91,0.0,-0.14,113.91,-12.77,-0.14,113.89,0.0,-0.14,113.91,0.0,-0.14,113.91,-0.18,0.39,149.37,-0.56,1.08,171.78,-0.86,19.32,187.12,-1.95,9.14,209.25,-18.79,2.99,165.81,-23.41,-2.78,135.13,-8.08,22.47,128.35,18.16,3.04,167.9,29.54,13.23,140.29,5.75,18.6,158.26
0.0,-0.14,113.91,12.77,-0.14,113.93,0.0,-0.14,113.91,0.0,-0.14,113.91,-12.77,-0.14,113.89,0.0,-0.14,113.91,0.0,-0.14,113.91,-0.18,0.38,149.37,-0.56,1.06,171.78,-0.89,19.3,187.13,-1.98,9.11,209.25,-18.79,2.95,165.8,-23.38,-2.81,135.12,-8.08,22.45,128.35,18.16,2.97,167.89,29.93,12.24,140.11,6.42,18.3,158.24
0.0,-0.14,113.915,12.77,-0.14,113.93,0.0,-0.14,113.915,0.0,-0.14,113.915,-12.77,-0.14,113.9,0.0,-0.14,113.915,0.0,-0.14,113.915,-0.17,0.37,149.37,-0.56,1.05,171.78,-0.9,19.29,187.13,-1.99,9.1,209.25,-18.79,2.94,165.8,-23.36,-2.83,135.11,-8.08,22.45,128.35,18.16,2.89,167.87,30.2,11.12,139.88,7.17,17.98,158.33
0.0,-0.14,113.91,12.77,-0.14,113.93,0.0,-0.14,113.91,0.0,-0.14,113.91,-12.77,-0.14,113.89,0.0,-0.14,113.91,0.0,-0.14,113.91,-0.18,0.38,149.37,-0.57,1.06,171.78,-0.92,19.3,187.12,-2.01,9.12,209.25,-18.8,2.94,165.79,-23.35,-2.83,135.1,-8.07,22.45,128.34,18.16,2.82,167.85,30.3,10.13,139.65,7.81,17.69,158.5
0.0,-0.14,113.915,12.77,-0.14,113.93,0.0,-0.14,113.915,0.0,-0.14,113.915,-12.77,-0.14,113.9,0.0,-0.14,113.915,0.0,-0.14,113.915,-0.18,0.37,149.37,-0.58,1.05,171.78,-0.95,19.3,187.12,-2.05,9.11,209.25,-18.8,2.91,165.78,-23.32,-2.86,135.09,-8.07,22.44,128.34,18.16,2.77,167.85,30.18,9.56,139.48,8.16,17.51,158.7
0.0,-0.14,113.915,12.77,-0.14,113.93,0.0,-0.14,113.915,0.0,-0.14,113.915,-12.77,-0.14,113.9,0.0,-0.14,113.915,0.0,-0.14,113.915,-0.17,0.37,149.37,-0.57,1.04,171.78,-0.95,19.28,187.12,-2.05,9.09,209.25,-18.8,2.9,165.78,-23.3,-2.87,135.08,-8.06,22.43,128.34,18.16,2.75,167.85,29.87,9.63,139.36,8.1,17.52,158.91
0.0,-0.14,113.915,12.77,-0.14,113.93,0.0,-0.14,113.915,0.0,-0.14,113.915,-12.77,-0.14,113.9,0.0,-0.14,113.915,0.0,-0.14,113.915,-0.18,0.36,149.37,-0.58,1.03,171.78,-0.98,19.28,187.12,-2.08,9.09,209.25,-18.8,2.88,165.77,-23.28,-2.89,135.07,-8.06,22.43,128.34,18.16,2.78,167.86,29.29,10.26,139.3,7.68,17.68,159.2
0.0,-0.14,113.915,12.77,-0.14,113.93,0.0,-0.14,113.915,0.0,-0.14,113.915,-12.77,-0.14,113.9,0.0,-0.14,113.915,0.0,-0.14,113.915,-0.17,0.35,149.37,-0.57,1.01,171.78,-0.98,19.25,187.13,-2.08,9.05,209.25,-18.79,2.85,165.77,-23.26,-2.92,135.07,-8.05,22.41,128.35,18.17,2.8,167.88,28.54,11.22,139.29,7.05,17.92,159.57
0.0,-0.14,113.915,12.77,-0.14,113.93,0.0,-0.14,113.915,0.0,-0.14,113.915,-12.77,-0.14,113.9,0.0,-0.14,113.915,0.0,-0.14,113.915,-0.17,0.35,149.37,-0.58,1.02,171.78,-1.01,19.26,187.13,-2.11,9.07,209.25,-18.8,2.84,165.76,-23.24,-2.93,135.06,-8.05,22.41,128.34,18.16,2.86,167.9,27.73,12.28,139.35,6.3,18.19,159.93
0.0,-0.14,113.91,12.77,-0.14,113.92,0.0,-0.14,113.91,0.0,-0.14,113.91,-12.77,-0.14,113.9,0.0,-0.14,113.91,0.0,-0.14,113.91,-0.16,0.33,149.37,-0.56,0.97,171.78,-1.01,19.21,187.14,-2.1,9.0,209.25,-18.78,2.79,165.76,-23.21,-2.97,135.05,-8.04,22.4,128.36,18.17,2.88,167.91,27.02,13.2,139.43,5.61,18.4,160.23
0.0,-0.14,113.915,12.77,-0.14,113.93,0.0,-0.14,113.915,0.0,-0.14,113.915,-12.77,-0.14,113.9,0.0,-0.14,113.915,0.0,-0.14,113.915,-0.17,0.34,149.37,-0.58,1.0,171.78,-1.05,19.24,187.13,-2.15,9.04,209.25,-18.8,2.8,165.75,-23.19,-2.98,135.04,-8.05,22.39,128.35,18.14,2.97,167.91,26.53,13.85,139.5,5.04,18.62,160.32
0.0,-0.14,113.91,12.77,-0.14,113.92,0.0,-0.14,113.91,0.0,-0.14,113.91,-12.77,-0.14,113.9,0.0,-0.14,113.91,0.0,-0.14,113.91,-0.17,0.34,149.37,-0.58,0.99,171.78,-1.06,19.23,187.13,-2.17,9.03,209.25,-18.8,2.79,165.74,-23.17,-2.99,135.03,-8.03,22.39,128.35,18.13,3.03,167.9,26.31,14.28,139.57,4.51,18.85,160.1
0.0,-0.14,113.91,12.77,-0.14,113.92,0.0,-0.14,113.91,0.0,-0.14,113.91,-12.77,-0.14,113.9,0.0,-0.14,113.91,0.0,-0.14,113.91,-0.16,0.33,149.37,-0.58,0.98,171.78,-1.08,19.22,187.13,-2.18,9.01,209.25,-18.8,2.76,165.74,-23.15,-3.02,135.02,-8.03,22.38,128.35,18.12,3.11,167.87,26.27,14.57,139.62,4.0,19.08,159.66
0.0,-0.14,113.91,12.77,-0.14,113.92,0.0,-0.14,113.91,0.0,-0.14,113.91,-12.77,-0.14,113.9,0.0,-0.14,113.91,0.0,-0.14,113.91,-0.16,0.32,149.37,-0.58,0.97,171.78,-1.1,19.2,187.13,-2.2,9.0,209.25,-18.8,2.74,165.74,-23.13,-3.04,135.01,-8.03,22.37,128.35,18.1,3.18,167.83,26.38,14.72,139.65,3.64,19.27,159.14
0.0,-0.14,113.91499999999999,12.77,-0.14,113.92,0.0,-0.14,113.91499999999999,0.0,-0.14,113.91499999999999,-12.77,-0.14,113.91,0.0,-0.14,113.91499999999999,0.0,-0.14,113.91499999999999,-0.16,0.32,149.37,-0.58,0.97,171.78,-1.11,19.21,187.13,-2.22,9.0,209.25,-18.8,2.73,165.73,-23.11,-3.05,135.0,-8.02,22.37,128.35,18.08,3.23,167.79,26.56,14.71,139.65,3.49,19.39,158.73
0.0,-0.14,113.91499999999999,12.77,-0.14,113.92,0.0,-0.14,113.91499999999999,0.0,-0.14,113.91499999999999,-12.77,-0.14,113.91,0.0,-0.14,113.91499999999999,0.0,-0.14,113.91499999999999,-0.16,0.31,149.37,-0.58,0.96,171.78,-1.11,19.19,187.13,-2.23,8.99,209.25,-18.8,2.72,165.72,-23.09,-3.05,135.0,-8.01,22.37,128.35,18.08,3.21,167.75,26.81,14.52,139.61,3.66,19.37,158.55
0.0,-0.14,113.91,12.77,-0.14,113.91,0.0,-0.14,113.91,0.0,-0.14,113.91,-12.77,-0.14,113.91,0.0,-0.14,113.91,0.0,-0.14,113.91,-0.14,0.28,149.37,-0.55,0.91,171.78,-1.1,19.14,187.15,-2.21,8.91,209.25,-18.77,2.67,165.73,-23.06,-3.09,135.0,-8.0,22.35,128.37,18.09,3.14,167.7,27.21,14.11,139.55,4.15,19.2,158.53
0.0,-0.14,113.91499999999999,12.77,-0.14,113.92,0.0,-0.14,113.91499999999999,0.0,-0.14,113.91499999999999,-12.77,-0.14,113.91,0.0,-0.14,113.91499999999999,0.0,-0.14,113.91499999999999,-0.16,0.3,149.37,-0.58,0.94,171.78,-1.15,19.18,187.13,-2.26,8.97,209.25,-18.8,2.68,165.71,-23.05,-3.1,134.98,-8.0,22.35,128.35,18.06,3.12,167.65,27.64,13.58,139.46,4.77,19.01,158.57
0.0,-0.14,113.91499999999999,12.77,-0.14,113.92,0.0,-0.14,113.91499999999999,0.0,-0.14,113.91499999999999,-12.77,-0.14,113.91,0.0,-0.14,113.91499999999999,0.0,-0.14,113.91499999999999,-0.16,0.3,149.37,-0.59,0.94,171.78,-1.17,19.18,187.13,-2.29,8.97,209.25,-18.8,2.68,165.71,-23.04,-3.1,134.97,-8.0,22.35,128.35,18.05,3.06,167.6,28.06,12.98,139.37,5.41,18.79,158.64
0.0,-0.14,113.91,12.77,-0.14,113.91,0.0,-0.14,113.91,0.0,-0.14,113.91,-12.77,-0.14,113.91,0.0,-0.14,113.91,0.0,-0.14,113.91,-0.14,0.28,149.37,-0.57,0.91,171.78,-1.15,19.14,187.14,-2.27,8.92,209.25,-18.78,2.64,165.71,-23.01,-3.13,134.97,-7.98,22.34,128.36,18.07,2.98,167.56,28.36,12.44,139.27,5.94,18.62,158.69
0.0,-0.14,113.91,12.77,-0.14,113.91,0.0,-0.14,113.91,0.0,-0.14,113.91,-12.77,-0.14,113.91,0.0,-0.14,113.91,0.0,-0.14,113.91,-0.15,0.28,149.37,-0.57,0.91,171.78,-1.17,19.14,187.14,-2.29,8.92,209.25,-18.79,2.64,165.7,-22.99,-3.14,134.96,-7.98,22.33,128.36,18.06,2.94,167.54,28.53,11.94,139.16,6.34,18.56,158.7
0.0,-0.14,113.91,12.77,-0.14,113.91,0.0,-0.14,113.91,0.0,-0.14,113.91,-12.77,-0.14,113.91,0.0,-0.14,113.91,0.0,-0.14,113.91,-0.15,0.28,149.37,-0.57,0.91,171.78,-1.18,19.14,187.14,-2.31,8.92,209.25,-18.79,2.63,165.7,-22.98,-3.15,134.96,-7.97,22.33,128.36,18.06,2.9,167.52,28.63,11.38,139.01,6.74,18.53,158.71
0.0,-0.14,113.91,12.77,-0.14,113.91,0.0,-0.14,113.91,0.0,-0.14,113.91,-12.77,-0.14,113.91,0.0,-0.14,113.91,0.0,-0.14,113.91,-0.15,0.29,149.37,-0.58,0.91,171.78,-1.2,19.15,187.14,-2.33,8.93,209.25,-18.79,2.63,165.69,-22.96,-3.15,134.95,-7.96,22.33,128.35,18.05,2.86,167.5,28.67,10.85,138.88,7.1,18.52,158.72
0.0,-0.14,113.91,12.77,-0.14,113.91,0.0,-0.14,113.91,0.0,-0.14,113.91,-12.77,-0.14,113.91,0.0,-0.14,113.91,0.0,-0.14,113.91,-0.15,0.28,149.37,-0.58,0.91,171.78,-1.21,19.15,187.14,-2.34,8.93,209.25,-18.79,2.62,165.68,-22.95,-3.16,134.94,-7.95,22.33,128.35,18.05,2.83,167.49,28.72,10.44,138.78,7.39,18.5,158.73
0.0,-0.14,113.91,12.77,-0.14,113.91,0.0,-0.14,113.91,0.0,-0.14,113.91,-12.77,-0.14,113.91,0.0,-0.14,113.91,0.0,-0.14,113.91,-0.15,0.28,149.37,-0.58,0.91,171.78,-1.22,19.15,187.13,-2.36,8.93,209.24,-18.79,2.62,165.68,-22.93,-3.16,134.93,-7.94,22.33,128.35,18.05,2.81,167.48,28.73,10.23,138.73,7.53,18.49,158.74
0.0,-0.14,113.91,12.77,-0.14,113.91,0.0,-0.14,113.91,0.0,-0.14,113.91,-12.77,-0.14,113.91,0.0,-0.14,113.91,0.0,-0.14,113.91,-0.15,0.29,149.37,-0.59,0.92,171.78,-1.24,19.15,187.13,-2.38,8.93,209.24,-18.8,2.62,165.67,-22.92,-3.17,134.93,-7.92,22.33,128.35,18.04,2.82,167.48,28.72,10.22,138.72,7.54,18.49,158.75
0.0,-0.14,113.91,12.77,-0.14,113.91,0.0,-0.14,113.91,0.0,-0.14,113.91,-12.77,-0.14,113.91,0.0,-0.14,113.91,0.0,-0.14,113.91,-0.15,0.29,149.37,-0.59,0.92,171.78,-1.25,19.15,187.13,-2.39,8.94,209.24,-18.8,2.62,165.67,-22.9,-3.17,134.92,-7.91,22.33,128.35,18.04,2.82,167.48,28.72,10.23,138.72,7.54,18.49,158.76
0.0,-0.14,113.91,12.77,-0.14,113.91,0.0,-0.14,113.91,0.0,-0.14,113.91,-12.77,-0.14,113.91,0.0,-0.14,113.91,0.0,-0.14,113.91,-0.15,0.29,149.37,-0.6,0.92,171.78,-1.26,19.15,187.13,-2.41,8.94,209.24,-18.8,2.62,165.66,-22.89,-3.17,134.91,-7.9,22.32,128.34,18.03,2.82,167.48,28.7,10.24,138.72,7.54,18.49,158.77
0.0,-0.14,113.91,12.77,-0.14,113.91,0.0,-0.14,113.91,0.0,-0.14,113.91,-12.77,-0.14,113.91,0.0,-0.14,113.91,0.0,-0.14,113.91,-0.15,0.29,149.37,-0.6,0.92,171.78,-1.27,19.15,187.13,-2.43,8.94,209.24,-18.8,2.62,165.65,-22.88,-3.17,134.9,-7.88,22.33,128.34,18.03,2.82,167.48,28.71,10.25,138.73,7.54,18.49,158.77
0.0,-0.14500000000000002,113.91499999999999,12.77,-0.14,113.92,0.0,-0.14500000000000002,113.91499999999999,0.0,-0.14500000000000002,113.91499999999999,-12.77,-0.15,113.91,0.0,-0.14500000000000002,113.91499999999999,0.0,-0.14500000000000002,113.91499999999999,-0.17,0.29,149.37,-0.64,0.93,171.78,-1.32,19.17,187.12,-2.49,8.96,209.24,-18.83,2.62,165.64,-22.88,-3.17,134.89,-7.88,22.33,128.33,18.0,2.84,167.49,28.68,10.28,138.74,7.5,18.51,158.78
0.0,-0.14500000000000002,113.91499999999999,12.77,-0.14,113.92,0.0,-0.14500000000000002,113.91499999999999,0.0,-0.14500000000000002,113.91499999999999,-12.77,-0.15,113.91,0.0,-0.14500000000000002,113.91499999999999,0.0,-0.14500000000000002,113.91499999999999,-0.17,0.29,149.37,-0.64,0.93,171.78,-1.33,19.17,187.12,-2.51,8.96,209.24,-18.84,2.62,165.63,-22.86,-3.18,134.88,-7.87,22.32,128.33,17.99,2.84,167.49,28.67,10.27,138.74,7.49,18.51,158.78
0.0,-0.14500000000000002,113.91499999999999,12.77,-0.14,113.92,0.0,-0.14500000000000002,113.91499999999999,0.0,-0.14500000000000002,113.91499999999999,-12.77,-0.15,113.91,0.0,-0.14500000000000002,113.91499999999999,0.0,-0.14500000000000002,113.91499999999999,-0.17,0.29,149.37,-0.64,0.93,171.78,-1.33,19.17,187.12,-2.52,8.97,209.23,-18.84,2.62,165.63,-22.85,-3.18,134.87,-7.86,22.32,128.33,17.99,2.84,167.48,28.65,10.25,138.72,7.49,18.53,158.77
0.0,-0.14500000000000002,113.91499999999999,12.77,-0.14,113.92,0.0,-0.14500000000000002,113.91499999999999,0.0,-0.14500000000000002,113.91499999999999,-12.77,-0.15,113.91,0.0,-0.14500000000000002,113.91499999999999,0.0,-0.14500000000000002,113.91499999999999,-0.17,0.29,149.37,-0.65,0.92,171.78,-1.34,19.16,187.13,-2.52,8.95,209.24,-18.84,2.59,165.63,-22.84,-3.21,134.87,-7.88,22.32,128.33,17.99,2.84,167.48,28.6,10.18,138.68,7.48,18.56,158.72
0.0,-0.14500000000000002,113.91499999999999,12.77,-0.14,113.92,0.0,-0.14500000000000002,113.91499999999999,0.0,-0.14500000000000002,113.91499999999999,-12.77,-0.15,113.91,0.0,-0.14500000000000002,113.91499999999999,0.0,-0.14500000000000002,113.91499999999999,-0.17,0.28,149.37,-0.63,0.89,171.78,-1.33,19.1,187.16,-2.48,8.86,209.25,-18.84,2.49,165.63,-22.82,-3.3,134.87,-7.96,22.29,128.36,17.99,2.82,167.45,28.44,9.9,138.53,7.46,18.66,158.56
0.0,-0.14500000000000002,113.91499999999999,12.77,-0.14,113.92,0.0,-0.14500000000000002,113.91499999999999,0.0,-0.14500000000000002,113.91499999999999,-12.77,-0.15,113.91,0.0,-0.14500000000000002,113.91499999999999,0.0,-0.14500000000000002,113.91499999999999,-0.16,0.26,149.37,-0.62,0.84,171.78,-1.31,19.01,187.2,-2.41,8.72,209.27,-18.83,2.33,165.65,-22.79,-3.44,134.88,-8.11,22.26,128.4,17.99,2.79,167.4,28.18,9.46,138.28,7.42,18.82,158.28
0.0,-0.14500000000000002,113.91499999999999,12.77,-0.14,113.92,0.0,-0.14500000000000002,113.91499999999999,0.0,-0.14500000000000002,113.91499999999999,-12.77,-0.15,113.91,0.0,-0.14500000000000002,113.91499999999999,0.0,-0.14500000000000002,113.91499999999999,-0.16,0.24,149.37,-0.59,0.77,171.79,-1.28,18.9,187.26,-2.31,8.53,209.3,-18.83,2.11,165.67,-22.75,-3.63,134.89,-8.3,22.21,128.45,18.0,2.74,167.34,27.83,8.86,137.98,7.38,19.02,157.9
0.0,-0.14500000000000002,113.91499999999999,12.77,-0.14,113.92,0.0,-0.14500000000000002,113.91499999999999,0.0,-0.14500000000000002,113.91499999999999,-12.77,-0.15,113.91,0.0,-0.14500000000000002,113.91499999999999,0.0,-0.14500000000000002,113.91499999999999,-0.15,0.22,149.37,-0.56,0.68,171.79,-1.24,18.76,187.33,-2.19,8.31,209.34,-18.82,1.85,165.69,-22.71,-3.86,134.9,-8.54,22.14,128.51,18.0,2.7,167.26,27.4,8.17,137.63,7.33,19.26,157.44
0.0,-0.14500000000000002,113.91499999999999,12.77,-0.14,113.92,0.0,-0.14500000000000002,113.91499999999999,0.0,-0.14500000000000002,113.91499999999999,-12.77,-0.15,113.91,0.0,-0.14500000000000002,113.91499999999999,0.0,-0.14500000000000002,113.91499999999999,-0.14,0.19,149.37,-0.53,0.59,171.79,-1.18,18.6,187.41,-2.04,8.06,209.38,-18.8,1.58,165.72,-22.67,-4.1,134.92,-8.78,22.07,128.58,18.01,2.64,167.18,26.92,7.39,137.28,7.3,19.52,156.93
0.0,-0.14500000000000002,113.91499999999999,12.77,-0.14,113.92,0.0,-0.14500000000000002,113.91499999999999,0.0,-0.14500000000000002,113.91499999999999,-12.77,-0.15,113.91,0.0,-0.14500000000000002,113.91499999999999,0.0,-0.14500000000000002,113.91499999999999,-0.13,0.16,149.37,-0.5,0.49,171.79,-1.16,18.45,187.48,-1.91,7.81,209.41,-18.79,1.27,165.74,-22.61,-4.37,134.93,-9.06,21.99,128.65,18.02,2.59,167.09,26.4,6.6,136.93,7.26,19.78,156.38
0.0,-0.14500000000000002,113.91499999999999,12.77,-0.14,113.92,0.0,-0.14500000000000002,113.91499999999999,0.0,-0.14500000000000002,113.91499999999999,-12.77,-0.15,113.91,0.0,-0.14500000000000002,113.91499999999999,0.0,-0.14500000000000002,113.91499999999999,-0.12,0.13,149.37,-0.46,0.4,171.79,-1.14,18.29,187.56,-1.77,7.57,209.45,-18.77,0.97,165.77,-22.56,-4.63,134.95,-9.33,21.91,128.72,18.03,2.54,167.01,25.87,5.81,136.61,7.23,20.04,155.81
0.0,-0.14500000000000002,113.91499999999999,12.77,-0.14,113.92,0.0,-0.14500000000000002,113.91499999999999,0.0,-0.14500000000000002,113.91499999999999,-12.77,-0.15,113.91,0.0,-0.14500000000000002,113.91499999999999,0.0,-0.14500000000000002,113.91499999999999,-0.11,0.1,149.37,-0.44,0.33,171.79,-1.08,18.17,187.62,-1.64,7.37,209.48,-18.75,0.7,165.79,-22.5,-4.88,134.95,-9.58,21.82,128.77,18.03,2.5,166.93,25.35,5.04,136.33,7.22,20.28,155.24
0.0,-0.14500000000000002,113.91499999999999,12.77,-0.14,113.92,0.0,-0.14500000000000002,113.91499999999999,0.0,-0.14500000000000002,113.91499999999999,-12.77,-0.15,113.91,0.0,-0.14500000000000002,113.91499999999999,0.0,-0.14500000000000002,113.91499999999999,-0.1,0.07,149.37,-0.4,0.23,171.79,-1.03,18.01,187.69,-1.49,7.12,209.51,-18.72,0.44,165.81,-22.45,-5.09,134.97,-9.81,21.75,128.85,18.04,2.44,166.85,24.86,4.39,136.1,7.21,20.47,154.76
0.0,-0.14500000000000002,113.91499999999999,12.77,-0.14,113.92,0.0,-0.14500000000000002,113.91499999999999,0.0,-0.14500000000000002,113.91499999999999,-12.77,-0.15,113.91,0.0,-0.14500000000000002,113.91499999999999,0.0,-0.14500000000000002,113.91499999999999,-0.09,0.05,149.37,-0.37,0.16,171.8,-1.0,17.89,187.75,-1.39,6.95,209.53,-18.7,0.22,165.83,-22.41,-5.28,134.97,-10.0,21.69,128.9,18.05,2.4,166.79,24.46,3.85,135.92,7.2,20.63,154.33
0.0,-0.14500000000000002,113.91499999999999,12.77,-0.14,113.92,0.0,-0.14500000000000002,113.91499999999999,0.0,-0.14500000000000002,113.91499999999999,-12.77,-0.15,113.91,0.0,-0.14500000000000002,113.91499999999999,0.0,-0.14500000000000002,113.91499999999999,-0.09,0.03,149.37,-0.35,0.1,171.8,-0.97,17.81,187.79,-1.3,6.82,209.55,-18.69,0.06,165.84,-22.37,-5.42,134.98,-10.14,21.64,128.94,18.05,2.37,166.74,24.15,3.44,135.8,7.21,20.75,154.01
0.0,-0.14500000000000002,113.91499999999999,12.77,-0.14,113.92,0.0,-0.14500000000000002,113.91499999999999,0.0,-0.14500000000000002,113.91499999999999,-12.77,-0.15,113.91,0.0,-0.14500000000000002,113.91499999999999,0.0,-0.14500000000000002,113.91499999999999,-0.09,0.02,149.37,-0.34,0.07,171.8,-0.95,17.76,187.81,-1.25,6.74,209.56,-18.67,-0.03,165.85,-22.35,-5.5,134.98,-10.22,21.61,128.97,18.06,2.35,166.71,23.97,3.21,135.73,7.21,20.81,153.82
0.0,-0.14500000000000002,113.91499999999999,12.77,-0.14,113.92,0.0,-0.14500000000000002,113.91499999999999,0.0,-0.14500000000000002,113.91499999999999,-12.77,-0.15,113.91,0.0,-0.14500000000000002,113.91499999999999,0.0,-0.14500000000000002,113.91499999999999,-0.09,0.02,149.37,-0.34,0.07,171.8,-0.95,17.75,187.81,-1.25,6.72,209.56,-18.67,-0.05,165.84,-22.34,-5.51,134.98,-10.23,21.6,128.97,18.05,2.35,166.71,23.93,3.16,135.71,7.21,20.82,153.78
0.0,-0.14500000000000002,113.91499999999999,12.77,-0.14,113.92,0.0,-0.14500000000000002,113.91499999999999,0.0,-0.14500000000000002,113.91499999999999,-12.77,-0.15,113.91,0.0,-0.14500000000000002,113.91499999999999,0.0,-0.14500000000000002,113.91499999999999,-0.09,0.02,149.37,-0.34,0.07,171.8,-0.96,17.75,187.81,-1.26,6.72,209.56,-18.68,-0.05,165.84,-22.34,-5.51,134.98,-10.22,21.6,128.97,18.05,2.35,166.71,23.93,3.17,135.72,7.2,20.82,153.79
0.0,-0.14500000000000002,113.91499999999999,12.77,-0.14,113.92,0.0,-0.14500000000000002,113.91499999999999,0.0,-0.14500000000000002,113.91499999999999,-12.77,-0.15,113.91,0.0,-0.14500000000000002,113.91499999999999,0.0,-0.14500000000000002,113.91499999999999,-0.09,0.02,149.37,-0.34,0.07,171.8,-0.96,17.75,187.81,-1.26,6.72,209.56,-18.68,-0.05,165.84,-22.33,-5.51,134.97,-10.21,21.6,128.97,18.05,2.35,166.71,23.91,3.24,135.71,7.2,20.86,153.83
0.0,-0.14500000000000002,113.91499999999999,12.77,-0.14,113.92,0.0,-0.14500000000000002,113.91499999999999,0.0,-0.14500000000000002,113.91499999999999,-12.77,-0.15,113.91,0.0,-0.14500000000000002,113.91499999999999,0.0,-0.14500000000000002,113.91499999999999,-0.09,0.03,149.37,-0.33,0.1,171.8,-0.96,17.79,187.8,-1.25,6.78,209.55,-18.67,-0.03,165.84,-22.33,-5.51,134.98,-10.21,21.59,128.96,18.06,2.34,166.7,23.74,4.25,135.72,7.17,21.39,154.41
0.0,-0.14500000000000002,113.91499999999999,12.77,-0.14,113.92,0.0,-0.14500000000000002,113.91499999999999,0.0,-0.14500000000000002,113.91499999999999,-12.77,-0.15,113.91,0.0,-0.14500000000000002,113.91499999999999,0.0,-0.14500000000000002,113.91499999999999,-0.08,0.04,149.37,-0.31,0.14,171.8,-0.94,17.86,187.77,-1.21,6.89,209.54,-18.65,0.02,165.86,-22.34,-5.51,135.01,-10.2,21.58,128.93,18.08,2.33,166.67,23.44,6.3,135.83,7.16,22.42,155.65
0.0,-0.14,113.91499999999999,12.77,-0.14,113.92,0.0,-0.14,113.91499999999999,0.0,-0.14,113.91499999999999,-12.77,-0.14,113.91,0.0,-0.14,113.91499999999999,0.0,-0.14,113.91499999999999,-0.07,0.09,149.37,-0.28,0.26,171.8,-0.93,18.02,187.71,-1.16,7.13,209.52,-18.63,0.13,165.87,-22.34,-5.49,135.04,-10.2,21.58,128.88,18.11,2.36,166.63,23.11,9.19,136.23,7.24,23.8,157.52
0.0,-0.14,113.91499999999999,12.77,-0.14,113.92,0.0,-0.14,113.91499999999999,0.0,-0.14,113.91499999999999,-12.77,-0.14,113.91,0.0,-0.14,113.91499999999999,0.0,-0.14,113.91499999999999,-0.05,0.13,149.37,-0.23,0.36,171.8,-0.9,18.19,187.65,-1.06,7.37,209.5,-18.58,0.23,165.9,-22.35,-5.48,135.09,-10.19,21.56,128.83,18.16,2.36,166.58,22.87,12.66,137.13,7.51,25.28,160.0
0.0,-0.14,113.91499999999999,12.77,-0.14,113.92,0.0,-0.14,113.91499999999999,0.0,-0.14,113.91499999999999,-12.77,-0.14,113.91,0.0,-0.14,113.91499999999999,0.0,-0.14,113.91499999999999,-0.03,0.18,149.37,-0.17,0.5,171.79,-0.86,18.39,187.57,-0.97,7.66,209.47,-18.54,0.35,165.93,-22.36,-5.46,135.15,-10.19,21.54,128.77,18.21,2.37,166.53,22.83,16.43,138.66,8.02,26.67,163.03
0.0,-0.135,113.91,12.77,-0.13,113.91,0.0,-0.135,113.91,0.0,-0.135,113.91,-12.77,-0.14,113.91,0.0,-0.135,113.91,0.0,-0.135,113.91,-0.01,0.24,149.37,-0.11,0.64,171.79,-0.82,18.59,187.49,-0.86,7.96,209.44,-18.49,0.48,165.96,-22.36,-5.45,135.21,-10.18,21.52,128.71,18.27,2.38,166.47,23.09,20.16,140.85,8.83,27.76,166.48
0.0,-0.135,113.91499999999999,12.77,-0.13,113.91,0.0,-0.135,113.91499999999999,0.0,-0.135,113.91499999999999,-12.77,-0.14,113.92,0.0,-0.135,113.91499999999999,0.0,-0.135,113.91499999999999,0.01,0.29,149.37,-0.05,0.78,171.79,-0.78,18.8,187.41,-0.75,8.28,209.4,-18.43,0.62,165.99,-22.37,-5.43,135.27,-10.18,21.5,128.64,18.33,2.38,166.41,23.7,23.56,143.64,9.92,28.39,170.18
0.0,-0.135,113.91499999999999,12.77,-0.13,113.91,0.0,-0.135,113.91499999999999,0.0,-0.135,113.91499999999999,-12.77,-0.14,113.92,0.0,-0.135,113.91499999999999,0.0,-0.135,113.91499999999999,0.03,0.35,149.37,0.02,0.93,171.79,-0.73,19.02,187.32,-0.63,8.59,209.36,-18.38,0.76,166.03,-22.38,-5.41,135.34,-10.18,21.48,128.57,18.39,2.39,166.35,24.65,26.38,146.82,11.24,28.5,173.91
0.0,-0.14,113.91499999999999,12.77,-0.13,113.91,0.0,-0.14,113.91499999999999,0.0,-0.14,113.91499999999999,-12.77,-0.15,113.92,0.0,-0.14,113.91499999999999,0.0,-0.14,113.91499999999999,0.04,0.41,149.37,0.06,1.08,171.78,-0.72,19.23,187.24,-0.56,8.91,209.33,-18.35,0.89,166.05,-22.4,-5.4,135.39,-10.18,21.46,128.5,18.43,2.41,166.3,25.83,28.5,150.17,12.68,28.1,177.46
0.0,-0.135,113.91499999999999,12.77,-0.13,113.91,0.0,-0.135,113.91499999999999,0.0,-0.135,113.91499999999999,-12.77,-0.14,113.92,0.0,-0.135,113.91499999999999,0.0,-0.135,113.91499999999999,0.07,0.45,149.37,0.12,1.2,171.78,-0.67,19.41,187.17,-0.44,9.17,209.29,-18.29,1.01,166.08,-22.4,-5.38,135.45,-10.18,21.44,128.45,18.49,2.41,166.25,27.17,29.88,153.37,14.18,27.27,180.62
0.0,-0.135,113.91,12.77,-0.13,113.9,0.0,-0.135,113.91,0.0,-0.135,113.91,-12.77,-0.14,113.92,0.0,-0.135,113.91,0.0,-0.135,113.91,0.08,0.49,149.37,0.18,1.31,171.78,-0.63,19.57,187.1,-0.35,9.41,209.26,-18.25,1.11,166.1,-22.41,-5.37,135.5,-10.17,21.43,128.4,18.53,2.42,166.21,28.48,30.64,156.19,15.56,26.21,183.23
0.0,-0.135,113.915,12.77,-0.13,113.9,0.0,-0.135,113.915,0.0,-0.135,113.915,-12.77,-0.14,113.93,0.0,-0.135,113.915,0.0,-0.135,113.915,0.1,0.52,149.37,0.21,1.39,171.78,-0.6,19.69,187.05,-0.28,9.59,209.24,-18.22,1.19,166.12,-22.42,-5.36,135.54,-10.17,21.41,128.36,18.57,2.42,166.17,29.59,30.95,158.4,16.69,25.15,185.2
0.0,-0.135,113.915,12.77,-0.13,113.9,0.0,-0.135,113.915,0.0,-0.135,113.915,-12.77,-0.14,113.93,0.0,-0.135,113.915,0.0,-0.135,113.915,0.11,0.54,149.37,0.24,1.45,171.77,-0.59,19.77,187.02,-0.23,9.71,209.22,-18.2,1.25,166.14,-22.42,-5.35,135.57,-10.17,21.4,128.34,18.59,2.42,166.15,30.36,31.02,159.85,17.45,24.35,186.44
0.0,-0.135,113.915,12.77,-0.13,113.9,0.0,-0.135,113.915,0.0,-0.135,113.915,-12.77,-0.14,113.93,0.0,-0.135,113.915,0.0,-0.135,113.915,0.11,0.55,149.37,0.25,1.47,171.77,-0.58,19.8,187.01,-0.21,9.75,209.22,-18.19,1.27,166.14,-22.43,-5.34,135.58,-10.17,21.4,128.33,18.6,2.42,166.14,30.67,31.01,160.4,17.74,24.02,186.9
0.0,-0.135,113.915,12.77,-0.13,113.9,0.0,-0.135,113.915,0.0,-0.135,113.915,-12.77,-0.14,113.93,0.0,-0.135,113.915,0.0,-0.135,113.915,0.11,0.56,149.37,0.25,1.47,171.77,-0.58,19.8,187.01,-0.22,9.75,209.22,-18.19,1.27,166.14,-22.43,-5.34,135.58,-10.17,21.4,128.33,18.6,2.43,166.14,30.7,30.94,160.1,17.76,24.36,186.7
0.0,-0.135,113.915,12.77,-0.13,113.9,0.0,-0.135,113.915,0.0,-0.135,113.915,-12.77,-0.14,113.93,0.0,-0.135,113.915,0.0,-0.135,113.915,0.11,0.55,149.37,0.25,1.47,171.77,-0.57,19.79,187.02,-0.22,9.72,209.22,-18.18,1.27,166.15,-22.44,-5.34,135.58,-10.17,21.4,128.34,18.6,2.43,166.14,30.8,30.69,159.22,17.82,25.37,186.07
0.0,-0.135,113.915,12.77,-0.13,113.9,0.0,-0.135,113.915,0.0,-0.135,113.915,-12.77,-0.14,113.93,0.0,-0.135,113.915,0.0,-0.135,113.915,0.11,0.57,149.37,0.25,1.5,171.77,-0.59,19.83,187.01,-0.23,9.77,209.22,-18.18,1.29,166.15,-22.44,-5.35,135.59,-10.18,21.4,128.32,18.6,2.46,166.14,30.97,30.29,157.87,17.93,26.96,185.01
0.0,-0.135,113.915,12.77,-0.13,113.9,0.0,-0.135,113.915,0.0,-0.135,113.915,-12.77,-0.14,113.93,0.0,-0.135,113.915,0.0,-0.135,113.915,0.1,0.59,149.37,0.24,1.54,171.77,-0.65,19.89,186.98,-0.28,9.86,209.21,-18.2,1.31,166.14,-22.44,-5.37,135.59,-10.21,21.37,128.3,18.59,2.52,166.14,31.15,29.73,156.23,18.06,28.88,183.55
0.0,-0.135,113.915,12.77,-0.13,113.9,0.0,-0.135,113.915,0.0,-0.135,113.915,-12.77,-0.14,113.93,0.0,-0.135,113.915,0.0,-0.135,113.915,0.1,0.59,149.37,0.24,1.55,171.77,-0.67,19.9,186.99,-0.3,9.86,209.21,-18.2,1.3,166.14,-22.45,-5.39,135.6,-10.22,21.36,128.29,18.59,2.54,166.14,31.36,28.98,154.57,18.26,30.71,181.84
0.0,-0.135,113.915,12.77,-0.13,113.9,0.0,-0.135,113.915,0.0,-0.135,113.915,-12.77,-0.14,113.93,0.0,-0.135,113.915,0.0,-0.135,113.915,0.1,0.59,149.37,0.25,1.54,171.77,-0.67,19.85,187.04,-0.32,9.76,209.23,-18.19,1.3,166.15,-22.45,-5.37,135.6,-10.22,21.37,128.3,18.6,2.53,166.14,31.56,28.16,153.09,18.47,32.19,180.11
0.0,-0.135,113.915,12.77,-0.13,113.9,0.0,-0.135,113.915,0.0,-0.135,113.915,-12.77,-0.14,113.93,0.0,-0.135,113.915,0.0,-0.135,113.915,0.1,0.56,149.37,0.25,1.48,171.77,-0.64,19.72,187.15,-0.36,9.49,209.28,-18.19,1.28,166.15,-22.47,-5.34,135.6,-10.19,21.39,128.33,18.6,2.45,166.15,31.73,27.38,151.94,18.66,33.09,178.67
0.0,-0.135,113.915,12.77,-0.13,113.9,0.0,-0.135,113.915,0.0,-0.135,113.915,-12.77,-0.14,113.93,0.0,-0.135,113.915,0.0,-0.135,113.915,0.11,0.54,149.37,0.25,1.42,171.77,-0.59,19.57,187.27,-0.39,9.2,209.33,-18.19,1.26,166.16,-22.49,-5.3,135.59,-10.15,21.42,128.37,18.61,2.36,166.15,31.85,26.55,150.82,18.8,33.71,177.21
0.0,-0.135,113.915,12.77,-0.13,113.9,0.0,-0.135,113.915,0.0,-0.135,113.915,-12.77,-0.14,113.93,0.0,-0.135,113.915,0.0,-0.135,113.915,0.11,0.51,149.37,0.25,1.34,171.78,-0.53,19.38,187.41,-0.42,8.83,209.39,-18.19,1.24,166.16,-22.51,-5.24,135.58,-10.1,21.46,128.42,18.61,2.25,166.16,31.89,25.7,149.74,18.86,34.02,175.8
0.0,-0.135,113.915,12.77,-0.13,113.9,0.0,-0.135,113.915,0.0,-0.135,113.915,-12.77,-0.14,113.93,0.0,-0.135,113.915,0.0,-0.135,113.915,0.11,0.47,149.37,0.26,1.23,171.78,-0.45,19.14,187.6,-0.47,8.36,209.47,-18.19,1.21,166.16,-22.53,-5.16,135.57,-10.04,21.51,128.49,18.62,2.1,166.17,31.92,24.86,148.82,18.89,34.02,174.59
0.0,-0.14,113.915,12.77,-0.13,113.9,0.0,-0.14,113.915,0.0,-0.14,113.915,-12.77,-0.15,113.93,0.0,-0.14,113.915,0.0,-0.14,113.915,0.11,0.42,149.37,0.26,1.11,171.78,-0.35,18.85,187.82,-0.51,7.81,209.55,-18.18,1.18,166.17,-22.57,-5.07,135.55,-9.95,21.58,128.56,18.63,1.92,166.17,31.98,24.04,148.06,18.96,33.78,173.63
0.0,-0.14,113.915,12.77,-0.13,113.9,0.0,-0.14,113.915,0.0,-0.14,113.915,-12.77,-0.15,113.93,0.0,-0.14,113.915,0.0,-0.14,113.915,0.11,0.36,149.37,0.26,0.95,171.79,-0.26,18.51,188.06,-0.58,7.17,209.64,-18.18,1.13,166.18,-22.6,-4.98,135.53,-9.87,21.64,128.65,18.63,1.71,166.18,32.11,23.28,147.51,19.07,33.36,172.93
0.0,-0.14,113.915,12.77,-0.13,113.9,0.0,-0.14,113.915,0.0,-0.14,113.915,-12.77,-0.15,113.93,0.0,-0.14,113.915,0.0,-0.14,113.915,0.11,0.32,149.37,0.27,0.84,171.79,-0.15,18.22,188.28,-0.63,6.61,209.72,-18.17,1.11,166.19,-22.63,-4.88,135.52,-9.79,21.71,128.73,18.64,1.55,166.19,32.45,22.97,147.58,19.39,32.55,173.19
0.0,-0.14,113.915,12.77,-0.13,113.9,0.0,-0.14,113.915,0.0,-0.14,113.915,-12.77,-0.15,113.93,0.0,-0.14,113.915,0.0,-0.14,113.915,0.11,0.26,149.37,0.28,0.68,171.79,-0.06,17.87,188.51,-0.69,5.99,209.79,-18.17,1.05,166.19,-22.66,-4.79,135.51,-9.71,21.78,128.82,18.65,1.34,166.2,32.92,22.93,148.13,19.81,31.28,174.14
0.0,-0.14,113.915,12.77,-0.13,113.9,0.0,-0.14,113.915,0.0,-0.14,113.915,-12.77,-0.15,113.93,0.0,-0.14,113.915,0.0,-0.14,113.915,0.11,0.22,149.37,0.28,0.57,171.79,0.01,17.61,188.69,-0.74,5.52,209.84,-18.16,1.02,166.2,-22.68,-4.71,135.5,-9.64,21.82,128.89,18.66,1.19,166.2,33.41,22.97,148.77,20.21,29.91,175.15
0.0,-0.14,113.915,12.77,-0.13,113.9,0.0,-0.14,113.915,0.0,-0.14,113.915,-12.77,-0.15,113.93,0.0,-0.14,113.915,0.0,-0.14,113.915,0.11,0.18,149.37,0.29,0.49,171.79,0.07,17.4,188.83,-0.79,5.13,209.88,-18.16,1.0,166.21,-22.71,-4.65,135.49,-9.6,21.87,128.94,18.66,1.07,166.2,33.9,23.06,149.47,20.56,28.48,176.13
0.0,-0.14,113.915,12.77,-0.13,113.9,0.0,-0.14,113.915,0.0,-0.14,113.915,-12.77,-0.15,113.93,0.0,-0.14,113.915,0.0,-0.14,113.915,0.11,0.16,149.37,0.29,0.42,171.79,0.12,17.24,188.94,-0.81,4.84,209.91,-18.15,0.97,166.21,-22.73,-4.61,135.49,-9.56,21.89,128.98,18.67,0.97,166.21,34.37,23.16,150.17,20.87,27.03,177.02
0.0,-0.14,113.915,12.77,-0.13,113.9,0.0,-0.14,113.915,0.0,-0.14,113.915,-12.77,-0.15,113.93,0.0,-0.14,113.915,0.0,-0.14,113.915,0.11,0.14,149.37,0.29,0.38,171.8,0.15,17.15,189.0,-0.83,4.67,209.93,-18.16,0.96,166.22,-22.74,-4.58,135.49,-9.54,21.91,129.01,18.67,0.92,166.21,34.75,23.26,150.78,21.08,25.8,177.69
0.0,-0.14,113.915,12.77,-0.13,113.9,0.0,-0.14,113.915,0.0,-0.14,113.915,-12.77,-0.15,113.93,0.0,-0.14,113.915,0.0,-0.14,113.915,0.11,0.14,149.37,0.29,0.37,171.8,0.16,17.13,189.01,-0.82,4.63,209.93,-18.15,0.96,166.22,-22.76,-4.57,135.49,-9.55,21.91,129.01,18.67,0.91,166.21,34.99,23.31,151.12,21.19,25.06,178.04
0.0,-0.14,113.915,12.77,-0.13,113.9,0.0,-0.14,113.915,0.0,-0.14,113.915,-12.77,-0.15,113.93,0.0,-0.14,113.915,0.0,-0.14,113.915,0.11,0.14,149.37,0.3,0.37,171.8,0.17,17.13,189.01,-0.8,4.64,209.93,-18.15,0.96,166.23,-22.77,-4.57,135.5,-9.55,21.91,129.02,18.68,0.91,166.21,35.1,23.34,151.28,21.24,24.7,178.19
0.0,-0.14,113.91,12.77,-0.13,113.9,0.0,-0.14,113.91,0.0,-0.14,113.91,-12.77,-0.15,113.92,0.0,-0.14,113.91,0.0,-0.14,113.91,0.11,0.14,149.37,0.29,0.37,171.8,0.16,17.14,189.0,-0.79,4.66,209.93,-18.16,0.96,166.23,-22.79,-4.57,135.51,-9.56,21.91,129.02,18.67,0.91,166.21,35.1,23.35,151.29,21.22,24.69,178.19
0.0,-0.14,113.91,12.77,-0.13,113.9,0.0,-0.14,113.91,0.0,-0.14,113.91,-12.77,-0.15,113.92,0.0,-0.14,113.91,0.0,-0.14,113.91,0.11,0.14,149.37,0.3,0.37,171.8,0.17,17.15,188.99,-0.76,4.69,209.92,-18.15,0.97,166.23,-22.8,-4.56,135.51,-9.57,21.91,129.02,18.68,0.91,166.22,35.05,23.33,151.22,21.19,24.87,178.12
0.0,-0.14,113.91,12.77,-0.13,113.9,0.0,-0.14,113.91,0.0,-0.14,113.91,-12.77,-0.15,113.92,0.0,-0.14,113.91,0.0,-0.14,113.91,0.11,0.14,149.37,0.3,0.37,171.8,0.17,17.16,188.97,-0.74,4.72,209.92,-18.15,0.97,166.24,-22.81,-4.56,135.52,-9.58,21.91,129.03,18.68,0.91,166.22,34.99,23.32,151.12,21.15,25.1,178.02
0.0,-0.14,113.91,12.77,-0.13,113.9,0.0,-0.14,113.91,0.0,-0.14,113.91,-12.77,-0.15,113.92,0.0,-0.14,113.91,0.0,-0.14,113.91,0.11,0.14,149.37,0.3,0.37,171.8,0.18,17.17,188.95,-0.7,4.76,209.92,-18.15,0.97,166.25,-22.83,-4.56,135.53,-9.59,21.91,129.03,18.68,0.91,166.22,34.94,23.3,151.05,21.12,25.27,177.94
0.0,-0.14,113.91,12.77,-0.13,113.9,0.0,-0.14,113.91,0.0,-0.14,113.91,-12.77,-0.15,113.92,0.0,-0.14,113.91,0.0,-0.14,113.91,0.11,0.14,149.37,0.3,0.37,171.8,0.18,17.19,188.93,-0.67,4.79,209.91,-18.15,0.97,166.25,-22.84,-4.55,135.54,-9.6,21.91,129.03,18.69,0.91,166.22,34.92,23.3,151.02,21.1,25.36,177.9
0.0,-0.14,113.91,12.77,-0.13,113.9,0.0,-0.14,113.91,0.0,-0.14,113.91,-12.77,-0.15,113.92,0.0,-0.14,113.91,0.0,-0.14,113.91,0.11,0.14,149.37,0.31,0.36,171.8,0.19,17.2,188.92,-0.64,4.83,209.91,-18.15,0.97,166.26,-22.86,-4.55,135.55,-9.61,21.91,129.04,18.69,0.91,166.22,34.92,23.3,151.01,21.09,25.38,177.89
0.0,-0.14,113.91,12.77,-0.13,113.9,0.0,-0.14,113.91,0.0,-0.14,113.91,-12.77,-0.15,113.92,0.0,-0.14,113.91,0.0,-0.14,113.91,0.12,0.14,149.37,0.32,0.36,171.8,0.2,17.21,188.9,-0.61,4.85,209.91,-18.14,0.98,166.26,-22.87,-4.54,135.56,-9.62,21.91,129.04,18.7,0.9,166.22,34.93,23.3,151.02,21.09,25.38,177.89
0.0,-0.14,113.91,12.77,-0.13,113.9,0.0,-0.14,113.91,0.0,-0.14,113.91,-12.77,-0.15,113.92,0.0,-0.14,113.91,0.0,-0.14,113.91,0.12,0.14,149.37,0.32,0.36,171.8,0.2,17.22,188.89,-0.58,4.87,209.9,-18.14,0.98,166.27,-22.89,-4.54,135.56,-9.63,21.91,129.05,18.7,0.9,166.22,34.94,23.3,151.04,21.09,25.36,177.91
0.0,-0.14,113.91,12.77,-0.13,113.9,0.0,-0.14,113.91,0.0,-0.14,113.91,-12.77,-0.15,113.92,0.0,-0.14,113.91,0.0,-0.14,113.91,0.12,0.14,149.37,0.33,0.36,171.79,0.21,17.22,188.89,-0.56,4.87,209.9,-18.14,0.97,166.28,-22.9,-4.54,135.57,-9.64,21.91,129.05,18.71,0.91,166.22,34.96,23.31,151.06,21.09,25.34,177.92
0.0,-0.14,113.91,12.77,-0.13,113.9,0.0,-0.14,113.91,0.0,-0.14,113.91,-12.77,-0.15,113.92,0.0,-0.14,113.91,0.0,-0.14,113.91,0.12,0.14,149.37,0.33,0.36,171.79,0.23,17.21,188.9,-0.55,4.85,209.91,-18.14,0.98,166.28,-22.92,-4.54,135.58,-9.65,21.91,129.05,18.71,0.9,166.22,34.98,23.31,151.09,21.09,25.31,177.94
0.0,-0.14,113.91,12.77,-0.13,113.9,0.0,-0.14,113.91,0.0,-0.14,113.91,-12.77,-0.15,113.92,0.0,-0.14,113.91,0.0,-0.14,113.91,0.12,0.14,149.37,0.33,0.36,171.79,0.26,17.19,188.92,-0.54,4.8,209.91,-18.13,0.98,166.29,-22.94,-4.53,135.59,-9.66,21.91,129.06,18.72,0.9,166.22,35.0,23.3,151.09,21.1,25.3,177.94
0.0,-0.14,113.91,12.77,-0.13,113.9,0.0,-0.14,113.91,0.0,-0.14,113.91,-12.77,-0.15,113.92,0.0,-0.14,113.91,0.0,-0.14,113.91,0.12,0.14,149.37,0.34,0.36,171.79,0.28,17.15,188.97,-0.56,4.71,209.92,-18.13,0.98,166.3,-22.96,-4.53,135.6,-9.67,21.91,129.06,18.72,0.9,166.23,34.99,23.3,151.09,21.08,25.32,177.93
0.0,-0.14,113.91,12.77,-0.13,113.9,0.0,-0.14,113.91,0.0,-0.14,113.91,-12.77,-0.15,113.92,0.0,-0.14,113.91,0.0,-0.14,113.91,0.12,0.14,149.37,0.34,0.36,171.79,0.31,17.11,189.01,-0.58,4.62,209.93,-18.13,0.99,166.3,-22.97,-4.52,135.61,-9.68,21.91,129.06,18.72,0.89,166.23,34.96,23.29,151.05,21.05,25.38,177.88
0.0,-0.14,113.91,12.77,-0.13,113.9,0.0,-0.14,113.91,0.0,-0.14,113.91,-12.77,-0.15,113.92,0.0,-0.14,113.91,0.0,-0.14,113.91,0.12,0.14,149.37,0.34,0.35,171.79,0.27,17.22,188.88,-0.46,4.88,209.9,-18.13,0.99,166.31,-22.99,-4.51,135.62,-9.69,21.91,129.07,18.73,0.88,166.23,34.8,23.25,150.82,20.9,25.7,177.63
0.0,-0.14,113.91499999999999,12.77,-0.13,113.91,0.0,-0.14,113.91499999999999,0.0,-0.14,113.91499999999999,-12.77,-0.15,113.92,0.0,-0.14,113.91499999999999,0.0,-0.14,113.91499999999999,0.11,0.13,149.37,0.33,0.34,171.8,0.22,17.29,188.78,-0.4,5.08,209.88,-18.14,0.99,166.31,-23.01,-4.5,135.61,-9.69,21.92,129.07,18.72,0.86,166.24,34.4,23.11,150.29,20.58,26.4,177.04
0.0,-0.14,113.91499999999999,12.77,-0.13,113.91,0.0,-0.14,113.91499999999999,0.0,-0.14,113.91499999999999,-12.77,-0.15,113.92,0.0,-0.14,113.91499999999999,0.0,-0.14,113.91499999999999,0.11,0.13,149.37,0.32,0.33,171.8,0.18,17.35,188.69,-0.34,5.25,209.85,-18.15,0.99,166.3,-23.02,-4.48,135.61,-9.68,21.93,129.08,18.71,0.84,166.25,33.82,22.88,149.47,20.08,27.43,176.09
0.0,-0.14,113.91499999999999,12.77,-0.13,113.91,0.0,-0.14,113.91499999999999,0.0,-0.14,113.91499999999999,-12.77,-0.15,113.92,0.0,-0.14,113.91499999999999,0.0,-0.14,113.91499999999999,0.1,0.12,149.37,0.3,0.32,171.8,0.14,17.39,188.63,-0.31,5.37,209.84,-18.17,1.0,166.3,-23.05,-4.46,135.6,-9.67,21.94,129.08,18.7,0.8,166.27,33.08,22.48,148.41,19.43,28.68,174.74
0.0,-0.14,113.91499999999999,12.77,-0.13,113.91,0.0,-0.14,113.91499999999999,0.0,-0.14,113.91499999999999,-12.77,-0.15,113.92,0.0,-0.14,113.91499999999999,0.0,-0.14,113.91499999999999,0.1,0.12,149.37,0.28,0.3,171.8,0.11,17.42,188.57,-0.29,5.47,209.82,-18.19,1.0,166.29,-23.06,-4.44,135.59,-9.67,21.94,129.09,18.68,0.76,166.29,32.19,21.88,147.12,18.61,30.09,172.93
0.0,-0.14,113.91499999999999,12.77,-0.13,113.91,0.0,-0.14,113.91499999999999,0.0,-0.14,113.91499999999999,-12.77,-0.15,113.92,0.0,-0.14,113.91499999999999,0.0,-0.14,113.91499999999999,0.08,0.11,149.37,0.24,0.28,171.8,0.05,17.43,188.53,-0.31,5.53,209.81,-18.22,1.0,166.28,-23.09,-4.41,135.58,-9.65,21.96,129.09,18.65,0.72,166.31,31.19,21.02,145.66,17.64,31.5,170.65
0.0,-0.14,113.91,12.77,-0.13,113.91,0.0,-0.14,113.91,0.0,-0.14,113.91,-12.77,-0.15,113.91,0.0,-0.14,113.91,0.0,-0.14,113.91,0.07,0.1,149.37,0.21,0.26,171.8,0.01,17.44,188.49,-0.33,5.58,209.8,-18.25,1.01,166.27,-23.11,-4.39,135.56,-9.64,21.97,129.1,18.63,0.66,166.34,30.14,19.85,144.08,16.56,32.8,167.87
0.0,-0.14,113.91,12.77,-0.13,113.91,0.0,-0.14,113.91,0.0,-0.14,113.91,-12.77,-0.15,113.91,0.0,-0.14,113.91,0.0,-0.14,113.91,0.05,0.09,149.37,0.17,0.24,171.8,-0.05,17.43,188.46,-0.36,5.62,209.79,-18.28,1.0,166.25,-23.13,-4.37,135.54,-9.63,21.98,129.11,18.6,0.61,166.36,29.06,18.36,142.45,15.38,33.86,164.6
0.0,-0.14,113.91499999999999,12.77,-0.13,113.92,0.0,-0.14,113.91499999999999,0.0,-0.14,113.91499999999999,-12.77,-0.15,113.91,0.0,-0.14,113.91499999999999,0.0,-0.14,113.91499999999999,0.04,0.08,149.37,0.15,0.21,171.8,-0.06,17.43,188.43,-0.36,5.66,209.78,-18.3,1.01,166.25,-23.16,-4.33,135.53,-9.6,22.0,129.11,18.58,0.54,166.38,28.01,16.49,140.84,14.2,34.53,160.88
0.0,-0.14,113.91499999999999,12.77,-0.13,113.92,0.0,-0.14,113.91499999999999,0.0,-0.14,113.91499999999999,-12.77,-0.15,113.91,0.0,-0.14,113.91499999999999,0.0,-0.14,113.91499999999999,0.03,0.07,149.37,0.1,0.19,171.8,-0.12,17.42,188.41,-0.4,5.68,209.77,-18.34,1.01,166.23,-23.18,-4.31,135.5,-9.59,22.01,129.12,18.55,0.49,166.41,27.01,14.33,139.34,12.98,34.73,156.81
