leftfemurX,leftfemurY,rightfemurX,rightfemurY,waistX,waistY,upperspineX,upperspineY,rightshoulderX,rightshoulderY,rightelbowX,rightelbowY,rightwristX,rightwristY,leftshoulderX,leftshoulderY,leftelbowX,leftelbowY,leftwristX,leftwristY,neckX,neckY,headbaseX,headbaseY,sphnosetipX,sphnosetipY,sphheadtopX,sphheadtopY
346.0434485264895,385.8830041845645,249.71396853534495,385.41358675999237,297.96975464038263,321.86978742520097,298.0556677973652,252.641565478095,227.90245349801043,187.39243665799916,210.45679189529443,302.43080893456784,263.8461467053436,334.21253722169286,368.0704500634738,189.36471225750734,387.2994616039976,303.0620980572921,333.5139520233659,339.18500495153444,298.13115553691705,167.89518261899582,298.1710696346686,145.52988249425982,297.14657875541434,110.73795078024375,298.30017982387926,24.972660695679792
346.0435711547626,385.84562473150845,249.71396853534495,385.41358675999237,297.96889588922625,321.8744439623863,297.9747507475819,252.66583742181592,227.6152526083785,187.18014250939495,210.06397081225563,303.16350228363734,265.7821794126163,326.5913755226834,367.9155447753804,189.32785693910648,387.2629720854737,302.8611721442335,333.6689049642934,339.4384108730246,297.9274652306533,167.94906009977103,297.92664571474677,145.5904252210048,296.77427716258296,111.35761678024573,297.83983647477027,25.2627992294224
346.0435711547626,385.84562473150845,249.71396853534495,385.41358675999237,297.93024048272264,321.8789279429487,297.93256735824684,252.6861728220465,227.37167007395226,186.9158421002968,209.67175787628278,303.7431721679786,267.4727425991762,318.67640964948663,367.79920496669126,189.2839624799982,387.2640357895446,302.6978785614468,333.8243127863471,339.72510038007897,297.76430170261375,167.99285501597853,297.7218911192431,145.6446631077331,296.404559229807,111.92994648859099,297.42015012218354,25.546473356808747
346.0435711547626,385.84562473150845,249.71396853534495,385.41358675999237,297.9293813942242,321.8835846303406,297.85249869848224,252.7063494198528,227.0843343749886,186.70343733602363,209.38565006339203,304.22996025785227,269.02641116473177,310.6087716302604,367.6446800215827,189.27779829825545,387.11447182133725,302.5249419055279,333.97970753828884,340.0117657759664,297.56224817661007,168.0399284442219,297.5162120459354,145.70214953101458,296.10920658274176,112.55037771086995,297.074286118551,25.83737998828269
346.0435711547626,385.84562473150845,249.7139574344894,385.4509494165138,297.9285222916616,321.8882413939667,297.80944483457324,252.73078816867758,226.83631767717074,186.48756229235028,208.98519439279374,304.4917144647242,270.25342157080735,302.33266132516167,367.4901378363177,189.19944539414723,387.1134367881211,302.46641889761753,333.8191976911415,339.3587646870211,297.3583452074919,168.13174298093497,297.30960300512425,145.76288734666878,295.73640053097864,113.20939263757998,296.68972316598285,26.1668301134157
346.0435711547626,385.84562473150845,249.7139574344894,385.4509494165138,297.9276631750346,321.8928982338291,297.7285012358078,252.7550688268758,226.55173922877125,186.26792346170168,208.54579644689562,304.56567640301563,271.2683718760655,293.88971374286234,367.45009571716184,188.93565034980134,387.2916596230169,302.89694938823567,332.4348961137124,334.7702267346927,297.19419436337995,168.1789893277661,297.06570426409013,145.85822822185094,295.40394504220205,113.82417004520175,296.26832684380815,26.45337707209967
346.04369378331967,385.8082451919026,249.7139574344894,385.4509494165138,297.88986561974946,321.8927255942681,297.64841318284346,252.77525102208074,226.34008640839758,186.01780121218087,208.10203814150327,304.46045460812906,272.06800515452494,285.40727836279586,367.4485207332692,188.55825822053828,387.61374613018336,303.66038181691135,330.1802161053912,326.50498185844384,297.02913474691235,168.22966401647886,296.93503482321,145.91929194209126,295.1467875661777,114.48412443834047,295.99748530829277,26.824400842869068
346.04369378331967,385.8082451919026,249.7139574344894,385.4509494165138,297.8890061798176,321.8973825081118,297.6053433419525,252.79969653733815,226.05391106096727,185.76375662713758,207.62076753910443,304.19938853488657,272.6139032570095,276.8837510490531,367.4473964460796,187.99485664531153,388.1965666566939,304.38954360365284,327.53168391831196,314.9521023586432,296.86396842911705,168.3182637327592,296.72998988674993,145.9736159485168,294.81408692573456,115.09939044049906,295.6139135039211,27.149991313772944
346.04369378331967,385.8082451919026,249.7139574344894,385.4509494165138,297.88814672581555,321.90203949819534,297.5252430954651,252.81988235802805,225.80564666126517,185.547660752473,207.17461187946145,303.753595904868,272.94408243629084,268.39961946159724,367.48431619096743,187.3592322017049,388.8553795495697,304.75283442196417,324.9292729289541,300.8697495527987,296.69970206287314,168.36554839443374,296.5230693058688,146.07241031722253,294.5189493499334,115.75669596944317,295.3050988944701,27.51912476725738
346.04369378331967,385.8082451919026,249.71394633365952,385.48831198656484,297.8494887884173,321.9065239182517,297.4821633481899,252.8443322559616,225.55586294535507,185.3350684488978,206.61470957167765,303.11267123443326,272.979413235388,260.00077228707994,367.52154278142183,186.6476157372465,389.63103732403783,304.5811004103396,322.7373852496035,285.17360521760725,296.53452249953983,168.41626417345606,296.3169629964424,146.16799496563306,294.22369452033837,116.41426263615233,294.9585109448496,27.886110975281554
346.04369378331967,385.8082451919026,249.71394633365952,385.48831198656484,297.84862899701886,321.9111810585639,297.40205090509255,252.86452170311304,225.30747492510403,185.1188655615888,206.09308492995365,302.3144900894171,272.79605637562094,251.69493919912816,367.52073017890996,185.93566443760415,390.45085334864973,303.6799818957811,321.273765682104,269.0639787230732,296.3312156099944,168.50477267431438,296.1108617818546,146.22561864082513,293.89055761541744,117.06890216050635,294.57321678500136,28.25323138573515
346.04381641216054,385.77086556574676,249.71394633365952,385.48831198656484,297.84776919154416,321.91583827512136,297.3959245654454,252.93094194787147,225.13202395388373,184.83425800151235,205.5683567029919,301.2537083669484,272.5101873120901,243.60138067329626,367.6334909287695,185.30338764317253,391.3156757079254,302.23272649999046,320.6561572996992,253.8305215656709,296.24105831812705,168.5971625445593,296.0170640483167,146.32816425504257,293.7488252748757,117.76924578121213,294.4166505108282,28.6644794393643
346.04381641216054,385.77086556574676,249.71394633365952,385.48831198656484,297.8469093719928,321.92049556792625,297.3175336548682,252.9429302509718,224.9273425769548,184.5659962129714,204.97399023576068,299.9398203268288,271.85269942433257,235.5206933306722,367.67132437774904,184.65641296976946,392.03514978262433,300.25701093910976,320.64272024853176,240.32041746336313,296.11818794224104,168.63095471641805,295.88957577077247,146.41438256035735,293.6441767216079,118.8596428890171,294.05448691227343,29.300473130236696
346.04381641216054,385.77086556574676,249.71394633365952,385.48831198656484,297.8469093719928,321.92049556792625,297.3175336548682,252.9429302509718,224.89075319326176,184.41076840096753,205.21001143238254,299.44799591340734,273.2760407346741,233.77274462602554,367.7478961260246,184.470609654295,391.306030641666,299.5572273880662,318.2747694954374,236.58571926544005,296.15621710022805,168.63110048129658,295.8860472331672,146.427357605196,293.66761598404537,119.83360470023808,293.8982542855334,29.864455274747343
346.04381641216054,385.77086556574676,249.71394633365952,385.48831198656484,297.8469093719928,321.92049556792625,297.3175336548682,252.9429302509718,224.92728942885682,184.45234944260767,206.07342664010898,299.7300493572532,276.42670901674666,236.4055976192783,367.7480366127815,184.50498584835282,389.5823838867883,299.85621595949755,313.8719102909941,238.24780078489175,296.15621710022805,168.63110048129658,295.88245331462224,146.47833553675207,293.6930173877505,120.72426969044477,293.7831662115968,30.422012832637506
346.04381641216054,385.77086556574676,249.71394633365952,385.48831198656484,297.8469093719928,321.92049556792625,297.35456439741375,252.94719410174037,224.9652725541911,184.45249796188784,206.97643556072416,300.0076787426395,279.5019255085655,239.02504122642665,367.7859458615631,184.54306586324913,387.8588612948069,300.1751033871248,309.59178932139366,239.8156612088311,296.19336759343463,168.63466950116833,295.91787902998266,146.48821084309384,293.79895539403424,121.37412040970435,293.79381460946104,30.83898730764861
346.04381641216054,385.77086556574676,249.71394633365952,385.48831198656484,297.8469093719928,321.92049556792625,297.35456439741375,252.94719410174037,224.9652725541911,184.45249796188784,207.76140567420188,300.2558328516039,282.03483487783416,241.17407555520037,367.7859458615631,184.54306586324913,386.3652812122039,300.4145159919926,306.05115558001785,241.08091673926185,296.19336759343463,168.63466950116833,295.9550698436685,146.4915973161402,293.83459708749535,121.57683871463905,293.8248757341347,30.973464763053812
346.04381641216054,385.77086556574676,249.71394633365952,385.48831198656484,297.8469093719928,321.92049556792625,297.35456439741375,252.94719410174037,225.00179197165417,184.45619694850097,208.2675522829155,300.38266427718037,283.6724500657339,242.44767243862054,367.82385503564944,184.58114580311337,385.331053354106,300.6134608592762,303.82159902862185,241.78305502530054,296.23139709218884,168.6348152679774,295.9931426296012,146.49173920853264,293.9497306250124,121.61901025670932,293.93957071083224,30.97615159890006
346.04381641216054,385.77086556574676,249.71394633365952,385.48831198656484,297.8469093719928,321.92049556792625,297.35456439741375,252.94719410174037,225.0397754369405,184.45634546975816,208.57140548603525,300.4265003952227,284.2169026252796,242.63463750397557,367.82399480628817,184.61552056629614,384.9094556533675,300.6677159062289,303.1299957069301,241.75142774463131,296.2694266048059,168.63496103483988,295.9931426296012,146.49173920853264,293.9884344479006,121.61914988844899,294.01573231093846,30.97871619892362
346.04381641216054,385.77086556574676,249.71394633365952,385.48831198656484,297.8469093719928,321.92049556792625,297.35456439741375,252.94719410174037,225.0397754369405,184.45634546975816,208.67622825027823,300.3782907268776,284.02081472232794,242.10598786843184,367.82399480628817,184.61552056629614,384.8322112270538,300.6565978483108,303.474755908239,241.2376156840062,296.2694266048059,168.63496103483988,296.0312154294283,146.49188110097703,294.02713828514777,121.61928952024027,294.0542677289991,30.978838482569927
346.04381641216054,385.77086556574676,249.71394633365952,385.48831198656484,297.8469093719928,321.92049556792625,297.35456439741375,252.94719410174037,225.03979302200804,184.49422814264608,208.6665151593923,300.3295644224786,283.5525385195657,241.42591447671794,367.8238457113078,184.65345129285606,384.94688720048833,300.59472977151387,304.1659136688881,240.698902083161,296.2694266048059,168.63496103483988,296.0312154294283,146.49188110097703,294.0658421367541,121.61942915208351,294.1304310064938,30.98140312883322
346.04381641216054,385.77086556574676,249.71394633365952,385.48831198656484,297.8469093719928,321.92049556792625,297.39246155050915,252.94735467410908,225.07777645684172,184.49437667068275,208.69984150190507,300.30536989436735,283.39481479495976,241.16745112537865,367.8617544098515,184.69153068379308,384.98483056605187,300.63743114828094,304.51184060851045,240.48531538424606,296.30745613128585,168.63510680175546,296.1064806666712,146.49540952904147,294.14227425009375,121.66146173384413,294.28457422068516,30.981892270027856
346.04381641216054,385.77086556574676,249.71394633365952,385.48831198656484,297.8469093719928,321.92049556792625,297.39246155050915,252.94735467410908,225.07777645684172,184.49437667068275,208.66655203099484,300.36751252384374,283.39455735221185,241.3603935359921,367.86189382237205,184.7259040112889,385.0233440868417,300.6954452546088,304.4725510886932,240.75513894159474,296.30745613128585,168.63510680175546,296.1064806666712,146.49540952904147,294.18097842304223,121.66160137459258,294.3222040505316,30.984334680244956
346.04381641216054,385.77086556574676,249.71394633365952,385.48831198656484,297.8469093719928,321.92049556792625,297.39246155050915,252.94735467410908,225.1157599055095,184.49452519877354,208.56493924167216,300.4066686000332,283.35511900831665,241.86187084233552,367.86189382237205,184.7259040112889,385.17719565275553,300.7692754472329,304.4723056015816,241.29099833413738,296.34548567162875,168.635252568724,296.1445538219428,146.4955514234033,294.21968261035,121.66174101539275,294.3992764143822,30.984579254101845
346.04381641216054,385.77086556574676,249.71394633365952,385.48831198656484,297.8469093719928,321.92049556792625,297.39246155050915,252.94735467410908,225.15228087322515,184.49822456769027,208.56979821184814,300.4310286704331,283.3925757952341,242.09766062932,367.8996529078811,184.80191301255195,385.21567409751117,300.86073006114765,304.51044556002824,241.59969687581668,296.3826380979553,168.63882165619532,296.1826269911091,146.49569331781674,294.334885396474,121.66525029137995,294.5524528456512,31.025991571120358
346.04381641216054,385.77086556574676,249.71394633365952,385.48831198656484,297.8469093719928,321.92049556792625,297.39246155050915,252.94735467410908,225.15228087322515,184.49822456769027,208.571442465263,300.46444441755494,283.3925757952341,242.09766062932,367.8996529078811,184.80191301255195,385.1773945763877,300.8940103117976,304.51044556002824,241.59969687581668,296.3826380979553,168.63882165619532,296.1826269911091,146.49569331781674,294.3735255258034,121.7040535503038,294.5900855928779,31.028434398562354
346.04381641216054,385.77086556574676,249.71394633365952,385.48831198656484,297.8469093719928,321.92049556792625,297.39246155050915,252.94735467410908,225.19026466185068,184.49837309775808,208.64779892545812,300.4647854783936,283.3915724759146,242.10176756747296,367.8997919623,184.836284904418,385.1005660766402,300.9361945943493,304.5106752718376,241.48399637046373,296.42066797907216,168.63896742509473,296.219820696856,146.4990799140951,294.41132083502885,121.70728392909814,294.70389055666624,31.033442478573534
346.04381641216054,385.77086556574676,249.71394633365952,385.48831198656484,297.8469093719928,321.92049556792625,297.39246155050915,252.94735467410908,225.19172684434716,184.49482225511747,208.68601402143707,300.50289996252843,283.43034187126335,242.10192983125137,367.9374118308255,184.87792168657222,385.0236107672136,300.94946673866366,304.51098155679966,241.3297277458273,296.42066797907216,168.63896742509473,296.2578942075787,146.49922181037425,294.4499611800763,121.7460874394543,294.7414609686399,31.074489650442274
346.04381641216054,385.77086556574676,249.71394633365952,385.48831198656484,297.8469093719928,321.92049556792625,297.39246155050915,252.94735467410908,225.22824846431047,184.49852162788022,208.72576142499028,300.4605980216802,283.43034187126335,242.10192983125137,367.9374118308255,184.87792168657222,384.985035813115,300.99182354646547,304.51113470037336,241.2525928831467,296.4586978740522,168.63911319404747,296.29596773219635,146.49936370670503,294.526462613113,121.74945786328249,294.8570745538534,31.074856576437355
346.04381641216054,385.77086556574676,249.71394633365952,385.48831198656484,297.8469093719928,321.92049556792625,297.39246155050915,252.94735467410908,225.22824846431047,184.49852162788022,208.8005487242664,300.50341157467966,283.5069299671683,242.0677738404088,367.9375505297685,184.91229278947833,384.9085008185677,301.0249326434138,304.54906205196096,241.256852589211,296.4586978740522,168.63911319404747,296.29596773219635,146.49936370670503,294.56516781046554,121.74959752379323,294.9332493930942,31.077422213257364
346.04381641216054,385.77086556574676,249.71394633365952,385.48831198656484,297.8469093719928,321.92049556792625,297.43035871737106,252.9475152465359,225.2662496017583,184.53655309053795,208.83872698649768,300.5035821121883,283.46715746844274,242.07171834258327,367.975458202573,184.95037100758032,384.9470331024514,301.0494759938377,304.62468858025,241.38107730889783,296.49672778289533,168.63925896305318,296.334041270709,146.49950560308775,294.64264300858633,121.71121263076896,295.01219141436894,31.03442088095619
346.04381641216054,385.77086556574676,249.71394633365952,385.48831198656484,297.8469093719928,321.92049556792625,297.43035871737106,252.9475152465359,225.30132810841081,184.5816875805359,208.95173080980152,300.5845109917289,283.34487619544643,242.05728370689667,367.97544727554407,185.02267001466078,384.91007641408834,301.3049190179141,304.69435391240387,242.4514641272832,296.4958515797287,168.64268234536496,296.37123658638865,146.5028922618916,294.6823200755476,121.66959749878322,295.0911310453451,30.991420850699456
346.04381641216054,385.77086556574676,249.71394633365952,385.48831198656484,297.8469093719928,321.92049556792625,297.4294932389821,252.95161859853647,225.40375205935797,184.95151756312373,209.2909317463937,301.0170255066507,282.66152451787366,242.15310939766948,367.9753926438655,185.38414211704298,384.99374354906973,302.33003969400653,305.2010560835708,247.78830564873135,296.5701608677276,168.64982082827896,296.4473843604351,146.5031760584401,294.87914665244176,121.31305286003965,295.21868423748833,30.807229637759406
346.04381641216054,385.77086556574676,249.71394633365952,385.48831198656484,297.8469093719928,321.92049556792625,297.466525548765,252.95588259450324,225.61148461149833,185.5326268286667,209.8961226057128,301.79678020177994,281.45627912429137,242.3553542398713,367.8984771747442,186.00717694406967,385.04525602405334,303.84905111387775,306.3126603881348,257.1384832557791,296.64359763501227,168.66038322315114,296.5598527466252,146.5100914565412,295.03849396799876,120.75997529321864,295.35454744393775,30.447854771600987
346.04381641216054,385.77086556574676,249.71394633365952,385.48831198656484,297.8469093719928,321.92049556792625,297.50269358063986,252.96425022020674,225.89095962754234,186.31430592909453,210.65259803971352,302.73355798884774,279.8916209787148,242.6319337448557,367.85960218535774,186.77480576337462,385.1409195869505,305.3345269400402,308.318670142823,269.6792500613816,296.7913560751027,168.67808558471256,296.67232496548814,146.51700709030365,295.2773087559293,120.04638409814413,295.4958039835159,30.0361499864822
346.04381641216054,385.77086556574676,249.71394633365952,385.48831198656484,297.8469093719928,321.92049556792625,297.53886281305535,252.97261812366025,226.20418617527238,187.2207305888694,211.60017273243471,303.86093583730593,277.9688210932003,243.01340230475432,367.74448699796216,187.65215983809276,385.12755256700626,306.45098439492676,311.46898958959383,284.34218825190237,296.90102554245806,168.7335831040225,296.82200236051307,146.5273100272426,295.5557775506919,119.29123795219311,295.6388521257913,29.581437346134862
346.04369378331967,385.8082451919026,249.71394633365952,385.48831198656484,297.84604953836447,321.9251529369802,297.5750332460713,252.9809863048779,226.59206083173032,188.1312915749346,212.58752597364798,304.98394572154695,276.0452112363475,243.46842124224145,367.6296785144729,188.59797644816877,384.9663114344512,306.9562297956336,315.693869790551,299.70315366433186,297.0479351519337,168.7547148966769,296.97256073997494,146.5343681632571,295.91272293007984,118.41737066069311,295.7863627369606,29.07686268851012
346.04369378331967,385.8082451919026,249.71394633365952,385.48831198656484,297.84604953836447,321.9251529369802,297.61206893141303,252.98525079530407,226.90546138864315,189.0003296044025,213.57645279517118,306.10238876622935,274.0453012925759,243.98848497278095,367.51490397425715,189.47135245442973,384.80700108397104,306.8041316535342,320.5241140129017,314.3236164577659,297.1576915578643,168.77227773447896,297.08504670941346,146.5412846237698,296.1138177995023,117.62339697539255,295.85400849805626,28.65633134731536
346.04369378331967,385.8082451919026,249.7139574344894,385.4509494165138,297.84604953836447,321.9251529369802,297.64824148324806,252.99361939528637,227.2598456491275,189.82465873398405,214.5286574895965,307.10225143197385,272.32456765749936,244.51571732111017,367.362276463898,190.23429175011233,384.57011083005125,306.27630240324027,325.36504867418444,326.7083235538282,297.26832719845135,168.78641656034824,297.19753651241837,146.54820131999804,296.35442259687386,116.8652284466001,295.91983696619445,28.240602763412085
346.04369378331967,385.8082451919026,249.7139574344894,385.4509494165138,297.8838492447406,321.92532559227715,297.64651393085956,253.00182767340732,227.29209252784207,189.87710992995437,214.83264153797055,307.222024369693,272.9952541765252,244.48124699807397,367.39913473625467,190.32104038214106,384.53333720076154,306.27744279548295,325.52181436931954,327.254893563009,297.3028879509818,168.80026465175342,297.26933837753285,146.56471346957483,296.42633040723075,116.96113109255612,296.02897514290834,28.29557595283518
346.04369378331967,385.8082451919026,249.7139574344894,385.4509494165138,297.8829897063102,321.92998303983944,297.68268824862037,253.01019682481456,227.32577247467975,189.88805473611376,215.21138229195307,307.2708506490513,273.90347334351316,244.35384599797703,367.43614321828863,190.369893108866,384.45740880180995,306.31916636716346,325.48236706728625,327.33613280855445,297.337384197547,168.85206022299826,297.2658543753614,146.57769707712396,296.46043612587414,117.05385281252177,296.0611588154641,28.350312221285094
346.04369378331967,385.8082451919026,249.7139574344894,385.4509494165138,297.8829897063102,321.92998303983944,297.68268824862037,253.01019682481456,227.32432653282123,189.89165324295834,215.40390276278373,307.3430014010166,274.4184723968299,244.31874115364394,367.4352675754109,190.38069770605284,384.4196034479787,306.3189965841841,325.40561578797184,327.40759362198827,297.3347754731835,168.86233911783927,297.3013232825893,146.5875772885023,296.41803250859147,117.14325205164141,296.0933461792241,28.405054767537422
346.04369378331967,385.8082451919026,249.7139574344894,385.4509494165138,297.8829897063102,321.92998303983944,297.6809612046947,253.0184056460746,227.35800839776954,189.90259877370556,215.44366417505876,307.37652554439745,274.337335529221,244.48554625151985,367.4339514307545,190.43300663888556,384.34382552974205,306.3561919155589,325.328117112823,327.52216193376955,297.37021086533485,168.8727643867295,297.33498608789876,146.641964429381,296.4124776380276,117.27756952793345,296.1236913690625,28.502953660954404
346.04369378331967,385.8082451919026,249.7139574344894,385.4509494165138,297.8821301538072,321.93464056365474,297.6792341040639,253.02661473686032,227.35368605503353,189.95130827987077,215.0649853453982,307.4035730135546,273.26476917798743,244.8775345985365,367.47008885358105,190.4926741689203,384.3055489688898,306.402615178303,325.2112714622001,327.67966235962535,297.4030407907547,168.8934706050876,297.36784823044576,146.66158786667893,296.3664310783643,117.41787033811329,296.11294567411875,28.56907668132817
346.04369378331967,385.8082451919026,249.7139574344894,385.4509494165138,297.8821301538072,321.93464056365474,297.67837053248314,253.03071938332948,227.38737028224722,189.96225582576278,214.76268131684617,307.4309630424358,272.2318699926686,245.226976202596,367.4690653522806,190.54138750677475,384.22977020084465,306.43981088474453,325.172472098888,327.75609967572655,297.39956428170706,168.90717863607722,297.3634966106062,146.67782390469472,296.36176613373294,117.5491593165541,296.1451433813935,28.623844315424776
346.04369378331967,385.8082451919026,249.7139574344894,385.4509494165138,297.8829897063102,321.92998303983944,297.67837053248314,253.03071938332948,227.38737028224722,189.96225582576278,214.9169858218895,307.46500020224414,272.46948311470396,245.2500679161136,367.4686251040286,190.58289564811798,384.1917973646745,306.477176291342,325.09572537166275,327.82755479244133,297.43674283833667,168.91075167113763,297.39984357028385,146.68446067710897,296.35902043847375,117.59699991661557,296.17912398607837,28.674021249688394
346.04369378331967,385.8082451919026,249.7139574344894,385.4509494165138,297.8821301538072,321.93464056365474,297.67577973267544,253.04303372706192,227.41816554082033,189.9804031586708,215.29729015615274,307.5471776667083,273.6165025310045,245.14152029248817,367.46701820512635,190.63882106247547,384.1538246303324,306.5145415977404,325.0561757876159,327.9471025628967,297.432331455568,168.96584155683684,297.4326454799687,146.74210781638385,296.3525687710031,117.73441960723153,296.20859420620894,28.774265607740404
346.04369378331967,385.8082451919026,249.7139574344894,385.4509494165138,297.8821301538072,321.93464056365474,297.67664334678926,253.03892887842846,227.4181803679664,190.01831863917027,215.63939126256042,307.5912480252896,274.40812606581613,244.93620093913262,367.5050584220501,190.6389708309216,384.07836726004496,306.509671904056,325.018128492499,327.98042619227175,297.43146252038923,168.96926935522652,297.4326454799687,146.74210781638385,296.3903198088957,117.77629076298888,296.2462043916139,28.77668686491222
346.04369378331967,385.8082451919026,249.7139574344894,385.4509494165138,297.8821301538072,321.93464056365474,297.7119575122859,253.0514042509909,227.44897813920247,190.03646902096477,215.56150965680615,307.6334288213517,274.1261065947431,245.16575356295334,367.50403567145435,190.68769106149705,384.04024083934837,306.5515671510949,324.97857875195785,328.0999740584098,297.4660374593025,168.98312702491535,297.4663872153157,146.7584909120926,296.4622547998973,117.87227134955731,296.35364294887034,28.83632054421264
346.0435711547626,385.84562473150845,249.7127066044331,385.45611437576474,297.9190712351448,321.9394708258559,297.74986257643167,253.05156487553552,227.56014946771333,190.00620115580023,215.48204796440228,307.64226124996674,273.68433278441523,245.29520434415997,367.6180103017838,190.72604742299836,384.04021546823606,306.6175750749358,325.0563232971623,328.13382829736605,297.5784544903978,168.99042099168003,297.6170152134107,146.76555577432168,296.7323549647244,117.8763033679071,296.6607776711618,28.839595019899548
346.04369378331967,385.8082451919026,249.7127066044331,385.45611437576474,297.9190712351448,321.9394708258559,297.74986257643167,253.05156487553552,227.55870519438704,190.00980128845572,215.2911124502938,307.60346458849193,272.96919694683925,245.4663775115789,367.61873279568533,190.7531384207167,384.0027196545852,306.60834370007126,325.09502092390414,328.09569967138873,297.57932225788954,168.98699284701024,297.6187519373745,146.75905894666244,296.8890528180963,117.83206496959474,296.817442775401,28.833181611769646
346.04369378331967,385.8082451919026,249.7127066044331,385.45611437576474,297.88127058723137,321.93929816372497,297.74986257643167,253.05156487553552,227.55727556315233,190.0513197611176,215.13528131566693,307.61195297785144,272.4905215061315,245.5874277532647,367.5812741282592,190.74577831097292,383.92742149444814,306.59894280458207,325.172965246393,328.05294209937017,297.5801900110797,168.98356475883918,297.6196202778669,146.75581061322202,297.08452585927995,117.749291432458,296.9750505093015,28.78589915958446
346.04369378331967,385.8082451919026,249.7127066044331,385.45611437576474,297.8821301538072,321.93464056365474,297.7507255969096,253.04745988798913,227.55727556315233,190.0513197611176,215.1337282373702,307.61654097712045,272.4105637958675,245.59539766209207,367.58214627910496,190.7349632749001,383.88976208002384,306.6272443553242,325.2116628225607,328.01481356983385,297.5819254745569,168.9767087519872,297.62135691587423,146.7493141071128,297.2421675621863,117.66332384211341,297.13353004237536,28.736320507519622
346.04369378331967,385.8082451919026,249.7127066044331,385.45611437576474,297.8821301538072,321.93464056365474,297.75158860321903,253.04335496783608,227.55727556315233,190.0513197611176,215.31998466905753,307.6311647252071,272.72501546832484,245.4681744797757,367.58301838685884,190.7241487731834,383.85227066764855,306.6180132911016,325.2503605047017,327.9766849358823,297.5836608808324,168.9698529711127,297.6230934965809,146.74281781535717,297.39973427514974,117.61603394039332,297.2534991359125,28.686624059028077
346.04369378331967,385.8082451919026,249.7127066044331,385.45611437576474,297.8821301538072,321.93464056365474,297.7524515953602,253.0392501150743,227.55729022900496,190.0892379532837,215.39480012321582,307.6360967623173,272.88174781362346,245.34859541481512,367.5841811301712,190.70973026871332,383.8147804960288,306.6087825323753,325.328404363399,327.89562243300895,297.58539622990884,168.96299741620498,297.6256982602082,146.7330737796134,297.55831308476513,117.48834429520161,297.4137135497256,28.63245709918442
346.04369378331967,385.8082451919026,249.7127066044331,385.45611437576474,297.8821301538072,321.93464056365474,297.7541775371394,253.03104061171882,227.56162303814406,190.07843570640068,215.4680375785816,307.60767706141314,272.9618133847144,245.22454552864167,367.5478906272399,190.68795453812606,383.7774479122488,306.59502187334067,325.4065483469967,327.77625495527644,297.55175399038814,168.9077621735879,297.6309746181887,146.67557042960425,297.7582346927153,117.35163755970336,297.5381187460237,28.5327209659971
346.04369378331967,385.8082451919026,249.7127066044331,385.45611437576474,297.8829897063102,321.92998303983944,297.7550404867781,253.02693596112158,227.56162303814406,190.07843570640068,215.5413064966958,307.6171973503697,273.1185420981273,245.1049694925057,367.5497849813069,190.628432107197,383.7401171748654,306.5812618948812,325.48469163750536,327.65688853626006,297.55522548616625,168.89405411336804,297.63444709395407,146.66258165694137,297.95725512749146,117.21799874613487,297.7009254624148,28.47168087244347
346.04369378331967,385.8082451919026,249.7127066044331,385.45611437576474,297.8821301538072,321.93464056365474,297.75590342225007,253.02283137790926,227.5601934544307,190.11995388337323,215.6496368627257,307.5981247490039,273.3130180161174,245.02839596001127,367.5509486670892,190.61401864025436,383.7027882837418,306.5675025969465,325.6005821366601,327.6191145611083,297.5560933243573,168.8906272394945,297.6370513004181,146.65284063986485,298.1932062351364,117.09061481379638,297.8987602247451,28.3813987725664
346.04369378331967,385.8082451919026,249.7127066044331,385.45611437576474,297.8821301538072,321.93464056365474,297.75590342225007,253.02283137790926,227.5601934544307,190.11995388337323,215.72136422442244,307.61223392604813,273.430865836618,244.90865756540984,367.51408215466495,190.59945640116462,383.6651375531678,306.5958011672026,325.6780791148466,327.5045507183692,297.52065181169854,168.8802010868444,297.6396553780126,146.64310010482382,298.430019230197,116.96018743586967,298.0991280495437,28.3227952709002
346.04369378331967,385.8082451919026,249.7127066044331,385.45611437576474,297.8829897063102,321.92998303983944,297.72059018925944,253.01035742866043,227.52650168243645,190.1090013578455,215.79461454327014,307.5838110937301,273.58984921898104,244.7034117129191,367.5168514295811,190.52913827187467,383.6281360397258,306.53998604245,325.79556352742276,327.3422560884653,297.48868543673154,168.85606989230746,297.64666618086204,146.5791164621321,298.63255115366695,116.77571963336413,298.266284295773,28.211765074511504
346.04369378331967,385.8082451919026,249.7127066044331,385.45611437576474,297.8829897063102,321.92998303983944,297.72059018925944,253.01035742866043,227.52505717294872,190.11260223508714,215.9045375760875,307.59809239911607,273.7443566726836,244.6308151905804,367.47969849737495,190.5181823451279,383.59049697428196,306.5352870255896,325.87231551774914,327.2707979166398,297.48962071827174,168.8146970541036,297.6103213175471,146.57248258081677,298.86844875541436,116.64836682904479,298.46491499309974,28.119224165396417
346.04369378331967,385.8082451919026,249.7127066044331,385.45611437576474,297.8838492447406,321.92532559227715,297.7240428632555,252.99394058640985,227.52940532753746,190.13971563273765,216.215609629161,307.43035628991123,274.794594465781,244.17087123216368,367.4445896085366,190.48201576320616,383.5536493328149,306.50794342524796,326.02849567749473,327.07037686737044,297.4585267203337,168.78714572839,297.6181343178204,146.5432714891366,299.1492564168396,116.4225141303782,298.6722072313467,28.003776971686307
346.04369378331967,385.8082451919026,249.7127066044331,385.45611437576474,297.8829897063102,321.92998303983944,297.7240428632555,252.99394058640985,227.52940532753746,190.13971563273765,216.87014737934535,307.1132198470334,276.9264293378665,243.4735007130605,367.4459049851419,190.42972237141907,383.5538074839366,306.5034147151534,326.1444884507871,326.9942954771978,297.4602636907185,168.78029492346514,297.62073839353997,146.53353542207867,299.38597956354886,116.29214150625307,298.8716437350393,27.908974865144046
346.04369378331967,385.8082451919026,249.7127066044331,385.45611437576474,297.8838492447406,321.92532559227715,297.68873245584706,252.98146807272815,227.53229417631854,190.13251367727366,217.9133283180091,306.5901335373917,280.1491326649151,242.31197008472452,367.410510922502,190.39716750110347,383.51680532216983,306.4806025192373,326.30056270146514,326.83218506226314,297.4283055229775,168.75617306658592,297.58967478804584,146.46942852915936,299.62801774218605,116.06620809949902,299.0395076130844,27.795747829153015
346.04369378331967,385.8082451919026,249.7127066044331,385.45611437576474,297.8847087690987,321.92066822096604,297.69045924463387,252.9732604641698,227.49717516751673,190.16307677731413,219.31576184312473,305.837356838436,284.22857599291416,240.8440808118669,367.3743937734137,190.3375333069963,383.47932996252325,306.4713763142666,326.3781634320135,326.67931311359365,297.3946132298658,168.73890321783745,297.5568112786202,146.44982039407387,299.8286655906419,115.8879492636936,299.2056007009432,27.68712642442017
346.04369378331967,385.8082451919026,249.7127066044331,385.45611437576474,297.8847087690987,321.92066822096604,297.6921859767309,252.96505312506406,227.49861981974328,190.15947570100025,221.1952150755853,304.81194427360606,289.16815888984564,239.0186617216035,367.3765878678935,190.2744555359709,383.44217394549344,306.4530945635867,326.5334936839282,326.56030728672215,297.3981556703762,168.68726637335567,297.56115325638865,146.43359999693632,300.1453485189251,115.71012770883272,299.4468470082111,27.583346470011975
346.04369378331967,385.8082451919026,249.7127066044331,385.45611437576474,297.8847087690987,321.92066822096604,297.6939126521409,252.95684605539782,227.50006444817095,190.15587468400975,223.52431045140065,303.4851584781689,294.77712551384684,236.8185409085255,367.34091279471545,190.24551644304938,383.44281011970537,306.4349837506341,326.68892519176427,326.4029956547037,297.36533619185326,168.66657681904746,297.56729853500127,146.3728946746727,300.38555460318616,115.49036438618464,299.6521718968418,27.472607500226673
346.04369378331967,385.8082451919026,249.7127066044331,385.45611437576474,297.8847087690987,321.92066822096604,297.6560147671608,252.95668547843627,227.46348755276637,190.15212401982558,226.2753880731759,301.8282369429661,300.8601021089109,234.35932204648043,367.3420827471182,190.23112311990565,383.4055051563164,306.3882401122649,326.7664251519221,326.28842894446797,297.32904256201,168.65958357080615,297.5707714604473,146.35992205525315,300.62301435081736,115.35703154036344,299.81377892213203,27.414002343629363
346.04369378331967,385.8082451919026,249.7127066044331,385.45611437576474,297.8855682793849,321.91601092590423,297.6586056066149,252.94437538529633,227.46494721825255,190.18643631948453,229.52828601787297,299.8357980843327,307.38228485431085,231.53955246408702,367.3071472752109,190.1571193937964,383.3685142164263,306.36543581020885,326.9610868027773,326.12650498977627,297.2970982860027,168.63547345236168,297.53878324048986,146.3370801946836,300.9422276131344,115.13152692896267,300.060103729085,27.258060819062393
346.04369378331967,385.8082451919026,249.7127066044331,385.45611437576474,297.8847087690987,321.92066822096604,297.65946919141555,252.94027215562153,227.46639208638408,190.1828351742687,233.10249318128797,297.550451949627,313.94942474522566,228.49074279215927,367.27045936206497,190.1047072229627,383.36883348542636,306.35638249724417,327.03858727795085,326.0119380118336,297.2997070010728,168.62520386713084,297.5431251423705,146.3208675035312,301.14187833087556,114.95641445735157,300.26094188266325,27.197322528438576
346.04369378331967,385.8082451919026,249.7127066044331,385.45611437576474,297.8855682793849,321.91601092590423,297.62416416560046,252.92780230822825,227.43270667066804,190.17188239080042,237.03987741183673,294.9244225761766,320.56359494546444,225.19375419858522,367.23509216791206,190.07218921311005,383.36947840721905,306.3052870731968,327.19411950108554,325.8163216375343,297.2678337452066,168.56316674118807,297.4740160484143,146.25665469774742,301.3835833756318,114.76933814018003,300.35247767929593,27.081750124236578
346.04369378331967,385.8082451919026,249.7127066044331,385.45611437576474,297.8855682793849,321.91601092590423,297.62416416560046,252.92780230822825,227.3932562397505,190.21324582051568,241.11246812102837,292.2151225022935,327.0223357837496,221.95162948100096,367.19870404364025,190.01618966275907,383.33217209374556,306.2915395421848,327.31074552291363,325.7354510219942,297.23154739517156,168.5561763048181,297.47662255695553,146.2469299459251,301.5805648367357,114.6419935811789,300.4738246183619,27.027639857711165
346.04369378331967,385.8082451919026,249.7127066044331,385.45611437576474,297.8855682793849,321.91601092590423,297.6268225135762,252.87779211514987,227.3961470573321,190.2060433367726,245.24921695217034,289.28522319372155,333.094848258843,218.62819823448365,367.200759065919,189.99102173648976,383.33281176914556,306.27343679718996,327.4275770611119,325.5779669036403,297.1987434672102,168.5354978459386,297.4446458299808,146.22409894075588,301.78268817679907,114.45785487646776,300.63961785001095,26.919195282458077
346.04369378331967,385.8082451919026,249.7127066044331,385.45611437576474,297.88642777559954,321.91135370708963,297.62855009313466,252.8695872793436,227.39759243040834,190.20244218388382,249.25335656653223,286.37337405659275,338.659557843452,215.4407637200609,367.1649635571922,189.92784182413538,383.33345748094104,306.22234744140434,327.5830034626926,325.42066066270854,297.16507228373445,168.51824307718607,297.44899079074537,146.2078939685274,302.02175750707767,114.27993385537764,300.80452403553346,26.813053996119493
346.04369378331967,385.8082451919026,249.7127066044331,385.45611437576474,297.88642777559954,321.91135370708963,297.5915200011453,252.86532441907195,227.3990377796757,190.1988410903151,251.62153292662475,284.0745926446914,341.25781975173885,212.01990139374482,367.128141691683,189.91331487906245,383.29599486550916,306.21312789866823,327.66103065275144,325.3396162213769,297.1676837672253,168.50797832818535,297.4144112578723,146.19478918042296,302.1816338782028,114.18507048380752,300.8882371951392,26.75657453483177
346.04369378331967,385.8082451919026,249.7127066044331,385.45611437576474,297.88642777559954,321.91135370708963,297.5915200011453,252.86532441907195,227.3624645514216,190.19509035324643,248.785984775285,283.49009186257126,334.00173704456904,206.10967574844642,367.12784756053316,189.91690915796187,383.33361738423133,306.21782246389284,327.58383991259376,325.3392624295495,297.1676837672253,168.50797832818535,297.4144112578723,146.19478918042296,302.10345890148346,114.18781879998664,300.88738849006626,26.758852647345407
346.04369378331967,385.8082451919026,249.7127066044331,385.45611437576474,297.88642777559954,321.91135370708963,297.66644427821967,252.86974782483117,227.47506079535987,190.1612295486931,246.29467278558673,282.6422747126808,326.75384291503525,199.89196531566756,367.2406672240869,189.93173529472347,383.3707553067094,306.2690809732373,327.5444078830473,325.4204837507791,297.2419869365487,168.51511286948494,297.5259721497598,146.2049366888366,302.0999361962184,114.27718469447132,300.9582270442817,26.813538654241484
346.04369378331967,385.8082451919026,249.7127066044331,385.45611437576474,297.88642777559954,321.91135370708963,297.6276863104441,252.8736896635802,227.40192840678606,190.1916390811317,243.6587872206013,281.94536161707924,319.1247842500432,194.2308390051868,367.20149431469866,189.94596448633706,383.37027648898345,306.2826577054538,327.3506956544671,325.4626908088792,297.2022244514823,168.52181049232786,297.4861786521941,146.21127663686605,301.82566252489073,114.40422360388584,300.7600780778524,26.86738267328542
346.04369378331967,385.8082451919026,249.7127066044331,385.45611437576474,297.8855682793849,321.91601092590423,297.6268225135762,252.87779211514987,227.4048189386679,190.18443730921058,240.6578119329789,281.7859298759056,311.41936744955024,189.97997315274506,367.1997329447458,189.96753426315297,383.36947840721905,306.3052870731968,327.11775183020376,325.50950627083625,297.20048398801026,168.52865405642524,297.4455148507823,146.22085783946238,301.5496759662665,114.5373253037518,300.6378446298397,26.962255307203577
346.04369378331967,385.8082451919026,249.7127066044331,385.45611437576474,297.8855682793849,321.91601092590423,297.62595870253045,252.8818946340548,227.37113788132632,190.17348540468686,236.91916427790431,282.5837770600766,303.59399091533487,187.74637020444368,367.1972360256594,190.03416852784744,383.4061492577211,306.33714100830673,326.84610178290285,325.5944546215841,297.1978731853113,168.53891982522964,297.44203868162475,146.2338225652013,301.1962488425445,114.7088002564982,300.43539056502914,27.027518627286668
346.04369378331967,385.8082451919026,249.7127066044331,385.45611437576474,297.8855682793849,321.91601092590423,297.62502800454706,252.9236993500059,227.37547422484462,190.16268373108767,232.0826445868509,284.6875477404559,295.52547626848667,188.0228480840334,367.1942996273208,190.07013069606762,383.44266527887333,306.37352574004075,326.4971479816816,325.71736003044555,297.19439191438147,168.5526083059891,297.43769314783856,146.25002967457158,300.80140879708824,114.9665248753962,300.2293370779927,27.178939639715963
346.04369378331967,385.8082451919026,249.7127066044331,385.45611437576474,297.8855682793849,321.91601092590423,297.623300312475,252.93190533379538,227.34324120984087,190.1481326516623,224.84881728825815,288.6090047094713,285.5864307295388,191.44506741875352,367.19136274571343,190.10609878289597,383.4791860931945,306.4099152477104,326.10904883879635,325.806569707466,297.19091041409985,168.56629768856772,297.3952851146368,146.26609630926453,300.40744618356774,115.18260783842913,300.0258702159642,27.28503493258961
346.04369378331967,385.8082451919026,249.7127066044331,385.45611437576474,297.8855682793849,321.91601092590423,297.6215725636863,252.94011158697072,227.30811858799962,190.1407826362497,216.61965893021753,293.2481694248257,275.19211104021474,196.88440968364205,367.1875440769409,190.15286614649563,383.51556101476734,306.41784032826143,325.7206293703702,326.01071305066847,297.1856211383918,168.6247665842917,297.3882615386007,146.3300276317134,299.93349316494306,115.40754699355034,299.7813383740427,27.397885708445756
346.04369378331967,385.8082451919026,249.7127066044331,385.45611437576474,297.8847087690987,321.92066822096604,297.61984475817815,252.94831810954565,227.27588940829412,190.12623300649022,208.85090418251525,297.4030000023508,265.2963463082567,202.93083525230713,367.1835763956895,190.23752882493534,383.5516174892978,306.4678249088443,325.25574803808485,326.1714082417933,297.1423674730822,168.64516045760922,297.3449769548494,146.34934209955463,299.42070765950734,115.671033256226,299.4964982747915,27.55373968484264
346.04369378331967,385.8082451919026,249.7127066044331,385.45611437576474,297.8838492447406,321.92532559227715,297.61725294356074,252.9606283985604,227.24076965613423,190.1188837215767,202.55498371717627,300.4962912297329,256.90414706223004,208.49051003135799,367.17975608087625,190.28432020755338,383.5878383764678,306.5132886984014,324.8668519604464,326.30373426544196,297.13801285180654,168.66227837014583,297.3388863113982,146.37204354811854,298.98614882332737,115.89314897811539,299.2518305094216,27.66665635603806
346.04369378331967,385.8082451919026,249.7127066044331,385.45611437576474,297.8838492447406,321.92532559227715,297.65256011608744,252.97309987895494,227.28455067570113,190.0667319485566,198.32041475817596,302.4125854144022,250.69211990086808,213.24127233164018,367.2132261912172,190.37636621390993,383.66154746510006,306.6009960957196,324.40118892761393,326.5075431830826,297.1699500079702,168.68639161013311,297.36905905919184,146.43937860994708,298.51101770212205,116.15989857203147,299.08136236084107,27.82524602300134
346.04369378331967,385.8082451919026,249.7127066044331,385.45611437576474,297.8838492447406,321.92532559227715,297.65256011608744,252.97309987895494,227.25377107548408,190.04858701696276,195.6015483191771,303.8451255563942,246.51807289306439,218.94374234796487,367.2102893266737,190.41237838912252,383.69794060571473,306.64194699553497,323.9749692154851,326.6301175962786,297.1673377011078,168.69666422439707,297.3655791161287,146.45235521339168,298.1176424547488,116.37309223718955,298.87850632535117,27.929189060870954
346.04369378331967,385.8082451919026,249.7127066044331,385.45611437576474,297.8838492447406,321.92532559227715,297.6508327054868,252.98130748338644,227.22010125606639,190.0376409249327,194.1813073722682,304.6768585047094,244.28679222303504,225.25233760156095,367.16873016182916,190.455451115777,383.7345056960598,306.6453627291107,323.58734104656673,326.75287192445734,297.12488029727047,168.75158162386276,297.3231545925366,146.46843527865553,297.72429558715703,116.54765052617222,298.63713944589733,28.033030664872626
346.04369378331967,385.8082451919026,249.7127066044331,385.45611437576474,297.8838492447406,321.92532559227715,297.64910523817315,252.98951535728384,227.2244403674649,190.0268450054259,193.35675399502898,305.0624624442397,243.01722653415516,232.1205562345823,367.1660832294474,190.4878735334794,383.77106609897334,306.68179043836017,323.27700543272664,326.8376711833898,297.12139548285523,168.76528158790234,297.3188024132135,146.4846585655166,297.4092486747552,116.68079762175455,298.47441649334525,28.13255010331943
346.04369378331967,385.8082451919026,249.7127066044331,385.45611437576474,297.8829897063102,321.92998303983944,297.61034081389784,252.9934587998123,227.18932635947988,190.01949839805707,192.69793913086852,304.9743452205352,241.76326030891346,237.59267998107373,367.16328765043926,190.55820681714943,383.80778746850393,306.71368984695886,323.0051655816482,326.9609625170534,297.1187817213304,168.77555715343578,297.2771765420845,146.53550348420868,297.13382310823437,116.77238647806087,298.3143502233651,28.186659006794002
346.04369378331967,385.8082451919026,249.7127066044331,385.45611437576474,297.8829897063102,321.92998303983944,297.6094767338638,252.99756290312246,227.19366605160548,190.00870337307686,192.41185026834378,304.84064677938886,241.08200468586574,238.9696123186461,367.12348079684637,190.57967972091114,383.8446689305323,306.741059390485,322.77278700923966,327.0030097843953,297.11703914187365,168.782407812624,297.2745639498388,146.5452396642496,296.9367260682403,116.82254911860662,298.2329679447524,28.236429692010688
346.04369378331967,385.8082451919026,249.7127066044331,385.45611437576474,297.8829897063102,321.92998303983944,297.6094767338638,252.99756290312246,227.15710720265864,190.00495553353142,192.37388936762832,304.84047640998904,241.04469325311564,238.92688258007695,367.1236290119475,190.54177181995885,383.88249864812263,306.70821487050915,322.7722152711212,326.9694948045485,297.0798712579138,168.778836625228,297.2382283546304,146.53860690696888,296.8998730105446,116.77765160350577,298.1971752464195,28.190880761573112
346.04369378331967,385.8082451919026,249.7127066044331,385.45611437576474,297.8829897063102,321.92998303983944,297.61034081389784,252.9934587998123,227.154213520731,190.0121520353175,192.48408869857838,304.87465177151427,241.3859633784997,238.37118705055138,367.1242180248773,190.53456464638066,383.882965319326,306.6946153946279,322.8886913353363,326.9652286275086,297.0798712579138,168.778836625228,297.2382283546304,146.53860690696888,296.9772655136664,116.77792901265218,298.1586978513795,28.190759178600956
346.04369378331967,385.8082451919026,249.7127066044331,385.45611437576474,297.8838492447406,321.92532559227715,297.64910523817315,252.98951535728384,227.19077294734237,190.0158999971428,192.59087149087563,304.9179239784,241.80462688950405,237.7002338804856,367.1638783249969,190.4787916547458,383.92157102653204,306.6391077455455,323.04463126696606,326.8797172039907,297.0816144350578,168.77198608256003,297.2408418021768,146.52887105335287,297.0582730507537,116.72735247258447,298.2016052884675,28.14086996019205
346.04369378331967,385.8082451919026,249.7127066044331,385.45611437576474,297.8829897063102,321.92998303983944,297.61034081389784,252.9934587998123,227.1513197435017,190.0193487741161,192.60629936042588,304.9393966481901,241.95529375266602,237.3665119243044,367.1258386816239,190.4786419175058,383.95938778616863,306.63927763814763,323.08323294165444,326.87989441760766,297.0816144350578,168.77198608256003,297.2018939711789,146.5319743708843,297.01957801377756,116.72721378179835,298.12465362617644,28.140626822580543
346.04369378331967,385.8082451919026,249.7127066044331,385.45611437576474,297.8829897063102,321.92998303983944,297.61034081389784,252.9934587998123,227.15276664402933,190.0157503750894,192.59937730137423,304.9575664965322,241.99397477823587,237.251155051649,367.1259868912785,190.4407359954364,383.99737146024796,306.60190147769754,323.08323294165444,326.87989441760766,297.0435758944588,168.7718402566801,297.2027654198134,146.52872914162936,297.01957801377756,116.72721378179835,298.08617781631597,28.14050525384198
346.04369378331967,385.8082451919026,249.7127066044331,385.45611437576474,297.8829897063102,321.92998303983944,297.61034081389784,252.9934587998123,227.11476035456678,190.01560075309067,192.59937730137423,304.9575664965322,241.99532265402982,237.24709798871538,367.1259868912785,190.4407359954364,384.0352009336596,306.569057107045,323.08323294165444,326.87989441760766,297.0435758944588,168.7718402566801,297.1646890513469,146.52858722995768,296.94225545608896,116.68827686896111,298.0485755521297,28.138090933649096
346.04369378331967,385.8082451919026,249.7127066044331,385.45611437576474,297.8829897063102,321.92998303983944,297.61206893141303,252.98525079530407,227.15275151380087,189.97785172042666,192.79798810303177,304.97345197591784,242.38608277753596,237.4675648743015,367.12687029627705,190.42992841815442,384.07300513583135,306.60224124999934,323.1226979520227,326.798650031705,297.0842290930776,168.76171069179577,297.205446379785,146.48098810196996,296.98456775600675,116.63756610891767,298.09235843269283,28.085914094990244
346.0435711547626,385.84562473150845,249.7127066044331,385.45611437576474,297.9216489648124,321.92549824763665,297.65256011608744,252.97309987895494,227.23016535672764,189.86085730396258,193.58537847561462,305.0551506390724,243.67556358945575,238.1253046396905,367.2437732238954,190.43225807413842,384.11096232583145,306.6308924343974,323.23919155420333,326.5309926061396,297.207113808888,168.6899615540409,297.3301173330776,146.44248080188606,297.11339614467863,116.40205332711935,298.26295248736443,27.965781937678344
346.0435711547626,385.84562473150845,249.71271770393187,385.41875142010565,297.9225081799001,321.9208408740684,297.7335365478607,252.9487998280515,227.38356090295486,189.66836556735063,194.77115567888907,305.1262985896441,245.63125914087618,239.18059214706136,367.40044219390364,190.41312683613876,384.1109222759485,306.72992899352266,323.4330889889244,326.18705705842746,297.41031842959825,168.6393340654207,297.57337600422375,146.350193152143,297.3646439269121,116.02976557583156,298.55857539690595,27.74381417441282
346.0435711547626,385.84562473150845,249.71271770393187,385.41875142010565,297.9233673809209,321.9161835767495,297.81543442803036,252.8826973930154,227.614382095423,189.39678207185034,196.27717460584233,305.2288041949349,248.097832841418,240.555401960209,367.63413298940225,190.4177875465208,384.1486689128757,306.8951475084043,323.627950146341,325.72338138463243,297.6550318604431,168.53724657093574,297.85895738750094,146.24186501383565,297.6985852401788,115.56237049137678,299.0148388501651,27.465636991269434
346.0434485264895,385.8830041845645,249.71271770393187,385.41875142010565,297.9628842374789,321.90704185724604,297.9368714389549,252.84625865436783,227.84519996101352,189.12520249074396,197.9129104204323,305.2486455774623,250.8812381814756,242.17148904932765,367.83073327831494,190.44577897409079,384.1489208112636,307.01810534329593,323.8609546911926,325.1880282063581,297.9411442604758,168.42165426386578,298.1868036312116,146.1175183242732,298.03684302726424,115.04138186955652,299.4759851912399,27.173937764136667
346.0439129097852,385.87783338879757,249.71272880345632,385.38138837797436,298.00154128821043,321.9025574306067,298.0582906461178,252.8098252579682,228.18857869102027,188.8197644497701,199.55898560702468,305.161326621584,253.90218645795576,243.91674789296405,368.14185431437187,190.46700818781915,384.18664783883474,307.2162957450986,324.1719331576814,324.60991396298925,298.30482359086875,168.33747302233144,298.59145136343284,145.99027176337074,298.531368190446,114.47653482311682,300.05555166354776,26.83520750328853
346.0437902822603,385.91521245590394,249.71272880345632,385.38138837797436,298.0032583266874,321.89324351313866,298.18055113204,252.76929647233874,228.45880590824146,188.46895499823484,201.13930036615437,304.96666317103336,256.8124193068148,245.75086451476898,368.4151240945593,190.4844794125372,384.1865635128561,307.41429400654374,324.4444139958869,323.9932921829987,298.6304210298145,168.21527412570288,298.95952389459444,145.89443374838095,298.9114343202016,113.90553549248318,300.59874417868616,26.52826859998231
346.0437902822603,385.91521245590394,249.71273990300645,385.3440252493705,298.0419141119758,321.8887593062547,298.3027916903093,252.72877429263417,228.7670443661005,188.15620306458607,202.49552137603436,304.6446308171108,259.6080739316155,247.57059310628017,368.6881214483612,190.53980051939368,384.22445132581794,307.57490687186885,324.75550615146534,323.37683232049943,298.9566727447934,168.1276078638847,299.32748486372054,145.76068762643695,299.3307830605206,113.33198493065072,301.1414851092785,26.22158487115189
346.0437902822603,385.91521245590394,249.71273990300645,385.3440252493705,298.04363044766967,321.8794458416968,298.4250123257972,252.68825871723936,229.07526136332626,187.80556081276234,203.6609549441812,304.2844506863905,262.1336583733161,249.26412050027568,368.92316271503535,190.55709803739182,384.22453199294233,307.7353321316534,325.02865127947274,322.7554181104614,299.244016533602,168.0053568628847,299.6563316806505,145.66804418477113,299.7095383279585,112.76465167773813,301.643649670628,25.958013001804375
346.04366765501936,385.95259143646257,249.71275100258228,385.3066620342939,298.0822849675924,321.87496185455234,298.5446454184833,252.6600461387859,229.3806261421133,187.49998125085074,204.58983657985232,303.83337142735314,264.3041924912207,250.86032845392947,369.19426101136986,190.63396593909783,384.2620940574571,307.93797972329776,325.30074619231823,322.2920427852964,299.56575362643724,167.9348358042664,300.017949001066,145.59497527881967,300.12132656425064,112.33154117000254,302.1762396144391,25.715161622223377
346.04366765501936,385.95259143646257,249.71275100258228,385.3066620342939,298.0822849675924,321.87496185455234,298.5463571824517,252.65184847537807,229.4243432527723,187.48582101380282,205.36925554815505,304.13671850117794,266.40480422805706,248.44412693464926,369.23362079631625,190.61612526455917,384.29989526103157,307.9381497809551,325.33965439625604,322.17725519059616,299.6079803758052,167.91791705066976,300.0610354578001,145.57572765070313,300.12755470646886,112.19476634694809,302.1846776288699,25.65408108357599
346.04366765501936,385.95259143646257,249.71275100258228,385.3066620342939,298.0822849675924,321.87496185455234,298.5463571824517,252.65184847537807,229.3920781731849,187.5471573517907,206.14668960278712,304.6288259955375,268.3915475980643,245.02338989469604,369.19551926048086,190.5817324532751,384.3755135258566,307.90550179806104,325.3397553426711,322.1389336841436,299.5700023558691,167.91777161402058,300.02302895744185,145.5755861749625,300.05033226462336,112.1944912477793,302.0704486548703,25.651454015747277
346.0437902822603,385.91521245590394,249.71273990300645,385.3440252493705,298.0444885944437,321.8747892237677,298.4327240914674,252.65136716917914,229.20638284048982,187.61147071097685,206.2378504564891,304.80566271135166,268.6788685774901,244.15739589105567,369.04364036604954,190.50904884068473,384.3757124351847,307.80199353778863,325.22339034977307,322.10484062794046,299.38096372849117,167.9136317710187,299.79668720527116,145.56827473357396,299.7046280801959,112.14866622757609,301.6502250094111,25.645596398169346
346.0437902822603,385.91521245590394,249.71273990300645,385.3440252493705,298.0444885944437,321.8747892237677,298.4327240914674,252.65136716917914,229.13322882325537,187.56612127990832,205.49681472098572,304.673068423073,268.63805376350547,244.20379409434724,369.0055363565572,190.47465438939696,384.45150103530443,307.7318125653098,325.22339034977307,322.10484062794046,299.34128293545393,167.9203117101049,299.71897745302624,145.5744543708937,299.7036947402198,112.19024969497514,301.57267491354645,25.647619736975003
346.0437902822603,385.91521245590394,249.71273990300645,385.3440252493705,298.0444885944437,321.8747892237677,298.43186728484545,252.65546596108015,229.06149511054468,187.4793017221865,203.93189238611325,304.38790341682227,268.5552317555926,244.37741785645733,368.96674520519696,190.41320584267305,384.5271238276342,307.69916126039647,325.22383792898637,322.17672611292005,299.3007489060389,167.93040474798818,299.64041541974,145.58386568034314,299.8546919262764,112.20281464980462,301.45339872843175,25.658582039218686
346.0437902822603,385.91521245590394,249.71273990300645,385.3440252493705,298.0444885944437,321.8747892237677,298.39227502826833,252.66350330515445,228.87718813442132,187.3505693937467,201.6621337474053,303.9323383085755,268.4293371401528,244.60567123881356,368.8895431869468,190.3930447782103,384.6030831761572,307.5914460452964,325.22353550291535,322.29169002562793,299.18339980471524,167.94362048313758,299.5601486286834,145.59974086585692,300.042521941641,112.26010951763328,301.3324256490209,25.67407566260681
346.0437902822603,385.91521245590394,249.71273990300645,385.3440252493705,298.04363044766967,321.8794458416968,298.3888463064458,252.67989967497954,228.7294426334798,187.18767565843257,198.8772825216534,303.2646715839526,268.29886393359993,244.92711585623204,368.8493457724238,190.34956965819117,384.6787277336439,307.5257986642377,325.2223822657154,322.4880554555692,299.09975639212763,167.9740499812831,299.43760730719043,145.63163662914155,300.3032422178185,112.37129794477539,301.20545399186506,25.743864427925132
346.0437902822603,385.91521245590394,249.71273990300645,385.3440252493705,298.04363044766967,321.8794458416968,298.3492514102618,252.68793780964563,228.51001595682425,187.01377244193304,195.73605125292374,302.3624906207003,268.13090467081116,245.28272173244693,368.7334537833519,190.30219270623297,384.75471062658147,307.38508199323263,325.1840233260564,322.6364004196439,298.97982421443436,167.99751033142832,299.27873682371484,145.6569305632254,300.5665771925502,112.47348633672891,301.04347081966904,25.804480987499232
346.0437902822603,385.91521245590394,249.71273990300645,385.3440252493705,298.0427722868472,321.88410253585863,298.2700577631135,252.70401486153457,228.28629814463812,186.85059854160897,192.42554433990267,301.3438196760345,267.9198517831279,245.65468658822567,368.6171322686005,190.22414764930033,384.83038119855206,307.2864301449494,325.14416430053126,322.8709082340093,298.8193226163557,168.03107133082756,299.0784103311803,145.69501918384253,300.7878363551202,112.62617461865455,300.79963420448826,25.878471210004705
346.0437902822603,385.91521245590394,249.71273990300645,385.3440252493705,298.0427722868472,321.88410253585863,298.2296004413729,252.71615356922507,228.06977006410855,186.6316946842777,189.11245599924706,300.092849364168,267.750693975476,246.01455155372003,368.5012068810445,190.17675498325764,384.90635033432693,307.17870125902806,325.1058068683473,323.01924630086353,298.66136731388343,168.0543926751268,298.9203465607703,145.7170876403428,301.01269192092536,112.6896636306742,300.59928113472927,25.900545796485062
346.0437902822603,385.91521245590394,249.71272880345632,385.38138837797436,298.0041168248438,321.88858666876285,298.1891411428194,252.72829287003333,227.81095574744663,186.42337046346722,185.94546151227613,298.7321912970802,267.5020809708933,246.42078656770184,368.38513156392554,190.09509195782096,384.9821962731885,307.0425031014512,325.06604886581704,323.21543242814784,298.5016083151684,168.1224456511202,298.7216694189497,145.74871948592488,301.157621317053,112.83911224959002,300.35703882237516,25.970026465445017
346.0437902822603,385.91521245590394,249.71272880345632,385.38138837797436,298.0041168248438,321.88858666876285,298.14867986730826,252.74043276400278,227.6281396684128,186.21535921718805,183.04801406356032,297.3152921242852,267.33287842171865,246.7424187172951,368.269458462292,190.0440885667441,385.0580244978973,306.93930067530135,325.02704208117274,323.368532233107,298.38160991340374,168.14592074644497,298.56270440650576,145.77402867187607,301.26571583207885,112.94382465369654,300.11644967127285,26.03498360489266
346.0439129097852,385.87783338879757,249.71272880345632,385.38138837797436,298.0032583266874,321.89324351313866,298.10907624416495,252.74847286143392,227.48478329790774,186.04183311583074,180.54256050786063,295.9382791801511,267.1659419073687,247.01747199581712,368.1919051720469,190.027497586339,385.1340010656747,306.8315609578994,325.02674036328204,323.4834885438607,298.3013165131622,168.16271110519585,298.40543953519966,145.7928711309529,301.2982544812249,113.04225157917256,299.9551517554761,26.093384137571434
346.0437902822603,385.91521245590394,249.71272880345632,385.38138837797436,298.0032583266874,321.89324351313866,298.10821661469447,252.7525732511766,227.33999537548098,185.87188514305024,178.5084902016338,294.7487562989611,267.0398539444809,247.24608425592965,368.1527780645324,189.96959376238806,385.2476207210161,306.7615270230839,325.06569317181317,323.5938508126768,298.22187783097047,168.17608615355607,298.32507916442995,145.80876338606708,301.2165861347603,113.13424909863966,299.75544287525304,26.151672262956595
346.0439129097852,385.87783338879757,249.71272880345632,385.38138837797436,298.0032583266874,321.89324351313866,298.0694713356759,252.75651321980854,227.26975818359068,185.7436909164178,177.07054882201712,293.76330914124316,266.99437221605604,247.3858752083994,368.1523558825945,189.93891737626473,385.28545459193674,306.728690695084,325.1041962339922,323.63234544160036,298.182156550451,168.18277400427576,298.2853272469372,145.81509232998906,301.1357627757485,113.22323947219888,299.7118390974607,26.203637975335937
346.0439129097852,385.87783338879757,249.71272880345632,385.38138837797436,298.0032583266874,321.89324351313866,298.0686113673104,252.76061374205995,227.27117333109982,185.6643648388124,176.51416243462003,293.3979699865937,266.8682262749923,247.65293281661195,368.11421965011874,189.90449599773706,385.3612428868577,306.6914915408231,325.14279992756775,323.6325220620013,298.18043332064417,168.18960764148687,298.2836043144634,145.82156309037453,301.05486219887115,113.35084210999037,299.7432983850473,26.26039479712415
346.0439129097852,385.87783338879757,249.71272880345632,385.38138837797436,298.0032583266874,321.89324351313866,298.0686113673104,252.76061374205995,227.22742140583796,185.71634247537497,177.22635125962492,293.96849878064205,266.1575563926259,249.26556621986447,368.11393361238726,189.90809043227216,385.4370314124912,306.6542922733215,325.1426992192028,323.67083999357254,298.1424339768983,168.18946207270278,298.2438504190016,145.82789245015022,300.93517252952455,113.55552967806454,299.7354395788451,26.357776200281023
346.0439129097852,385.87783338879757,249.71272880345632,385.38138837797436,298.0032583266874,321.89324351313866,298.0686113673104,252.76061374205995,227.25821140858176,185.81006768518,178.4670557899709,294.8766980101035,264.9899609093768,251.8352794099343,368.1140828190311,189.87022345526748,385.5126779878396,306.62162437074545,325.21990655771253,323.67119324832896,298.1415720281727,168.1928789738422,298.28101980932547,145.83126963065774,300.97011271841666,113.72217165393738,299.80444474074613,26.416945690169655
346.0439129097852,385.87783338879757,249.71272880345632,385.38138837797436,298.0023998144764,321.89790043375257,298.0686113673104,252.76061374205995,227.28755868283665,185.90736314871276,180.10751137879976,295.88780118837155,263.2599562873269,255.05351321451542,368.15179720776877,189.87396711367273,385.5504884260942,306.62179423048696,325.21990655771253,323.67119324832896,298.1795716844693,168.19302454444653,298.28009040195934,145.8724676240821,300.92855156801113,113.92413612720543,299.9117899748926,26.5147157988132
346.0439129097852,385.87783338879757,249.71272880345632,385.38138837797436,298.0023998144764,321.89790043375257,298.06775138483323,252.76471433159873,227.3140187444796,186.01179580400617,182.05777072936993,296.9945942416047,261.09136408679296,258.7739349582173,368.11365994001704,189.83954420713712,385.6261368507892,306.58912568942236,325.2585102483914,323.6713698758052,298.1415720281727,168.1928789738422,298.27922885811967,145.8757036062931,300.8098476655409,114.04861317020595,299.9440569385316,26.607706737521198
346.0437902822603,385.91521245590394,249.71272880345632,385.38138837797436,298.0032583266874,321.89324351313866,298.10649731343557,252.76077423251627,227.37992117848154,186.11282550989745,184.19198029932082,298.0343757242504,258.5326034598584,262.65206786547776,368.15194645998076,189.83609973433033,385.70206801371415,306.5473945211618,325.33636589485235,323.6669527242029,298.1795716844693,168.19302454444653,298.3181219037976,145.8726092481843,300.7315638291181,114.12857845824146,300.0959571173831,26.612742303966343
346.0437902822603,385.91521245590394,249.71272880345632,385.38138837797436,298.0032583266874,321.89324351313866,298.1056376416466,252.76487482411642,227.40351621161145,186.26231003936653,186.34558673632975,299.038094671969,255.74273570146877,266.5945834400204,368.15123850276086,189.809013342164,385.7777181401012,306.5147251584399,325.374767341016,323.743764393593,298.138986096875,168.20313001469287,298.31467689563686,145.8855535038898,300.72807240117373,114.17927898319488,300.12916211257294,26.66499369522785
346.0437902822603,385.91521245590394,249.71272880345632,385.38138837797436,298.0023998144764,321.89790043375257,298.0651713527285,252.77701650395625,227.34823953114292,186.45655382983557,188.32907170319686,299.89199088721267,253.00424335128167,270.25501074611213,368.07366647788854,189.7924078298753,385.85367815778835,306.43998451542564,325.41361413183364,323.8924378395808,298.0578089537641,168.22334244114802,298.1945427887071,145.90778307371215,300.6447949727531,114.20016378255343,300.0079578064581,26.680565191915775
346.0439129097852,385.87783338879757,249.71272880345632,385.38138837797436,298.0023998144764,321.89790043375257,298.0247030863176,252.78915877713143,227.2943831442039,186.609363465887,189.98431889259285,300.61378479515486,250.63459061682863,273.3799643389408,368.0340919248947,189.77595012472318,385.89182739103717,306.36507365515934,325.4517116142774,324.0841972058159,297.9748969856702,168.2503924930445,298.1115689755774,145.93339377315317,300.52107417212164,114.26557603698836,299.9225796375325,26.703090094397908
346.0439129097852,385.87783338879757,249.71272880345632,385.38138837797436,298.00154128821043,321.9025574306067,298.0221218679833,252.80146215464094,227.2405173982426,186.76219965679763,191.04460499228114,301.0563043839931,248.95066473638892,275.56571459720726,367.9560804902415,189.728654372067,385.9679572690124,306.25279156054114,325.52905766228764,324.2713558119091,297.89197415884615,168.27744608760474,298.02772047988253,145.96224524098352,300.43605866740194,114.2925172728128,299.76200569343024,26.759305189497127
346.0439129097852,385.87783338879757,249.71272880345632,385.38138837797436,298.0006827478891,321.90721450370256,297.9807897771537,252.81770708104693,227.11205338115693,186.87328484554962,191.39871956030314,301.32797501564073,248.26928391650443,276.6013943438305,367.877621443136,189.72282360226404,386.0440877319467,306.14050860318116,325.56759757830594,324.5349618607847,297.8063783414188,168.3526753221795,297.90408685509067,145.99743521016478,300.2729330305102,114.28358920818573,299.6006919891134,26.740833838504273
346.0439129097852,385.87783338879757,249.71272880345632,385.38138837797436,298.0006827478891,321.90721450370256,297.90070202410357,252.83789433339564,226.9835842764532,187.0222967814418,191.24325471148347,301.5111105631358,248.29137222835107,275.8875195203468,367.7611458190252,189.64467470736668,386.12038811870326,305.99068348419286,325.6447370737882,324.7987360521725,297.60592535726977,168.39298203396652,297.70253647761757,146.07680365860494,300.02987978913006,114.28345787138005,299.28388625284464,26.764919861498015
346.0439129097852,385.87783338879757,249.71272880345632,385.38138837797436,297.998965625079,321.91652887862784,297.89553284920254,252.86250650362626,226.89025870331687,187.29237008471375,190.62465839928154,301.72638840059943,248.58213299476057,270.80529574428203,367.6813597498172,189.61892111381997,386.23419543115716,305.88309388591415,325.7209249577369,325.1822220927411,297.5160174308685,168.44741649242485,297.5347216302635,146.13454754085444,299.86050854425713,114.37296735625227,299.07617509754004,26.843818106615004
346.0439129097852,385.87783338879757,249.71272880345632,385.38138837797436,297.9611664961523,321.91635622765733,297.81457215700146,252.88679998957048,226.76472954935056,187.6238541707695,189.5714926751388,301.66606058258435,248.78235055212133,261.9020888740306,367.52580054396975,189.5892684714471,386.3106676446092,305.69572257023594,325.797856868675,325.5226019448117,297.31281537842455,168.53593502647084,297.33047167636363,146.22367357773498,299.6147553772277,114.38192512515752,298.7566471314516,26.874757301819727
346.0439129097852,385.87783338879757,249.71271770393187,385.41875142010565,297.96030760439703,321.9210135272333,297.77143383862136,252.94896040100343,226.677222933104,187.99344032835677,188.1198782157573,300.80775474352095,248.7310555248917,250.17558522347542,367.408234067725,189.55975890500963,386.34915851678494,305.54572205076505,325.8753279838456,325.89649116676776,297.1467217357257,168.6280439548466,297.16336017694977,146.31620688232022,299.407541030921,114.42966534761081,298.4737410341943,26.910384835488685
346.0439129097852,385.87783338879757,249.71271770393187,385.41875142010565,297.95944869858,321.9256709030586,297.7300844972515,252.96521370621065,226.59553093939866,188.38663823342574,186.35176725046256,298.8336846048064,248.14370736781316,236.77314736114215,367.2909350518602,189.52664868559089,386.425427602309,305.42891076535665,325.91429877054884,326.2318735692318,297.02130106180834,168.6721124355969,296.9988877448825,146.36103739625855,299.2020085338143,114.47136208220968,298.232684092904,26.937020733141708
346.0440355375941,385.84045423514317,249.71271770393187,385.41875142010565,297.95944869858,321.9256709030586,297.6878690401941,252.98557197805633,226.55040549797238,188.78359180325094,184.19071878070957,295.66892622516866,246.9939725659991,223.05738568055415,367.1734641929259,189.53143330163073,386.50173171618513,305.2790785138307,325.9912213810825,326.57220865341316,296.85687709785793,168.7574107637331,296.7953647419054,146.44698275468784,298.9955578855948,114.5160972947325,297.95044898594597,27.00889655274716
346.0435711547626,385.84562473150845,249.71271770393187,385.41875142010565,297.95773084475917,321.9349858834648,297.6068844086518,253.00987561729812,226.50529330233817,189.218485837515,181.83029936877156,291.58421611029723,245.35263768020087,210.26810493575056,367.05611809301803,189.49831360901146,386.57803659338833,305.1292447634206,326.06824290746766,326.874224528703,296.6924158290508,168.84272844453483,296.62986902575454,146.5330909311491,298.7889860724814,114.5994994261373,297.6672687165474,27.083072236296516
346.0435711547626,385.84562473150845,249.71271770393187,385.41875142010565,297.91993049243507,321.9348132235284,297.52762150388537,253.02597228903824,226.38845845644963,189.56648023119953,179.41842351349487,287.0358753714289,243.4415100779627,199.30898312131512,366.9020399801233,189.41275110772995,386.6542093864839,304.98392791712104,326.1449260391673,327.0661106465677,296.49344363747724,168.8762626211918,296.3917489665397,146.56794068151453,298.470725913699,114.62869436923154,297.27400125141787,27.10468399320473
346.0435711547626,385.84562473150845,249.71271770393187,385.41875142010565,297.9190712351448,321.9394708258559,297.52589185876354,253.0341816328504,226.34909279773078,189.83534547754607,177.24683040939343,282.6720523673405,241.73074127296786,190.94611486711074,366.8240281195158,189.39970284693993,386.7304785845418,304.86711687019607,326.22224900297914,327.2531952508019,296.41121388226395,168.89995861804857,296.2704091622086,146.63149629616396,298.3466968605714,114.69421648575224,297.07375183769346,27.163146546394728
346.0435711547626,385.84562473150845,249.71271770393187,385.41875142010565,297.9190712351448,321.9394708258559,297.4862577973221,253.04223062614824,226.3491731743409,190.024927443818,175.63494368510334,279.33048877904,240.4190016971006,185.4616631694821,366.7849440246653,189.37601957846255,386.76863202806777,304.79219811476355,326.26117884731076,327.36348797134855,296.36871329949304,168.95490099565495,296.2279284447154,146.64758797299964,298.2649234396151,114.70909617444715,296.9924361639859,27.174320887780937
346.0435711547626,385.84562473150845,249.71271770393187,385.41875142010565,297.9190712351448,321.9394708258559,297.4853926140767,253.04633553185192,226.34775113743783,190.10436037005218,174.86169932530183,277.7396863995709,239.85725832290285,183.1374415613186,366.78449720909015,189.34529600142548,386.8063137750716,304.79688455662205,326.2996718711381,327.40196999155904,296.32890907037586,168.96161042011704,296.18720430984655,146.65718682604347,298.22352663583507,114.75671637131381,296.91376142241694,27.178645289053293
346.0435711547626,385.84562473150845,249.71271770393187,385.41875142010565,297.9190712351448,321.9394708258559,297.4845274166271,253.05044050494837,226.34629692619575,190.10796118871406,174.68262670202412,277.8615238768907,239.78286298947933,183.6567569753064,366.78419987948047,189.3488900996873,386.8442976355237,304.75950949886555,326.3381648180349,327.44045193486096,296.32715301015014,168.96846596740158,296.1863242816414,146.66043387184152,298.18300532265835,114.8013065252303,296.8708245553635,27.228469658752147
346.0435711547626,385.84562473150845,249.71271770393187,385.41875142010565,297.9190712351448,321.9394708258559,297.4827302538787,253.09636273111403,226.3024704179944,190.16013313151825,174.19647505435694,278.6607407324152,239.4987185561424,185.8932993286213,366.7448144290712,189.32879777491075,386.9582498281511,304.64738372412273,326.454281925466,327.55109555093304,296.2847115730706,168.98545991098183,296.10392310292036,146.72089842103003,298.0577133152799,115.06322197227803,296.58726132503216,27.379766921114538
346.0440355375941,385.84045423514317,249.7114668520893,385.423916164572,297.95601293468707,321.9443011688909,297.5180409849024,253.10884001477484,226.33031512008634,190.1854940663784,173.61254452762986,279.5727503197029,239.16321651154038,189.23720956436864,366.81882815687834,189.3542571598732,387.0338776495261,304.64772275717354,326.53085717167943,327.7812729350712,296.31567158450906,169.05099016500162,296.13320538931094,146.7535206449943,297.9277976332135,115.45637766189452,296.48702945154486,27.593124041263422
346.0440355375941,385.84045423514317,249.7114668520893,385.423916164572,297.9551539585559,321.9489589259911,297.51371598689065,253.12936911074075,226.3128756957162,190.26664361632652,173.06790984909,280.67581407879936,238.64227424580633,192.9489576967286,366.8154121216704,189.43172029926143,387.03417779759707,304.60566237106326,326.53111005037294,328.15469030863807,296.30330929813346,169.13696179930037,296.117286844705,146.85002486092992,297.74991814545115,116.11197586990147,296.29634333202597,27.91779009611139
346.0435711547626,385.84562473150845,249.7114668520893,385.423916164572,297.9551539585559,321.9489589259911,297.50939063380446,253.1498998921079,226.29687176699542,190.3062783345564,172.4847554474192,281.58652653234196,238.14813372172037,196.63169495761656,366.8118461932697,189.47487046722676,387.223587516387,304.53142022386976,326.762382515203,328.4956599592215,296.3299503570033,169.1817022259089,296.0650245652203,146.93991386203743,297.53508554841284,116.72290107651713,295.990868077451,28.278577881028696
346.0435711547626,385.84562473150845,249.7114668520893,385.423916164572,297.91563406529787,321.95810199775224,297.5041997413412,253.1745390547702,226.24138721901795,190.38730515567408,171.95267124967148,282.7764609448659,237.58095284266065,200.8870756817862,366.8085768061083,189.51443228375763,387.1858157934182,304.4982202683825,326.7235034104353,328.8353747094344,296.27952068598364,169.2675618212469,296.0118666685589,147.03307828402808,297.28056569587903,117.33695735985668,295.7622102247106,28.639842991199544
346.0435711547626,385.84562473150845,249.7114668520893,385.423916164572,297.91563406529787,321.95810199775224,297.5024693302026,253.18275264844783,226.23265298543484,190.40893323680393,171.52393424276462,283.5717091916707,237.1314281961422,204.37800257079766,366.8063480562393,189.57754058071635,387.1858157934182,304.4982202683825,326.7236270929075,329.0220587541256,296.2733029561853,169.32955806999212,296.00386304422415,147.10038706359148,297.1910465164702,117.68596141015166,295.6267466870316,28.84439576201339
346.0435711547626,385.84562473150845,249.7114668520893,385.423916164572,297.91563406529787,321.95810199775224,297.50073886223385,253.190966511876,226.2268459088438,190.46128670352505,171.35558014698307,283.90031370272754,236.97823131437636,205.6808117703938,366.8051589005823,189.59193136712963,387.1859442917085,304.49370576156207,326.7238533178919,329.1704391973934,296.26802913930004,169.350154178229,295.9976880227265,147.12315760309025,297.06550599843894,117.98701291229258,295.4939225235032,29.04211234326226
346.0435711547626,385.84562473150845,249.7114668520893,385.423916164572,297.9534359641017,321.95827466897515,297.50073886223385,253.190966511876,226.26488756719192,190.46143654668663,171.39001966885164,283.8328289965581,237.02139178523154,205.51413223494205,366.8054561968457,189.58833358158927,387.2237581438102,304.49387524980085,326.76191061968217,329.1371329060495,296.3069781411803,169.34686740392033,296.0366814177797,147.12004665809877,297.1448820807222,117.90377622247013,295.5755048516059,28.992254228786578
346.0435711547626,385.84562473150845,249.7114668520893,385.423916164572,297.9534359641017,321.95827466897515,297.5016041033221,253.1868595464423,226.22972516025416,190.378210043011,171.30287801458442,283.58683899797006,237.07711248125528,204.92469375750466,366.84396363331194,189.5469560336063,387.3753552963898,304.41946294109744,326.954969491711,329.09972199752383,296.3087354817153,169.34000191764687,296.0393269560974,147.11028768907317,297.1088788241121,117.85575945885887,295.5030113664981,28.941912721229414
346.0435711547626,385.84562473150845,249.7114668520893,385.423916164572,297.9534359641017,321.95827466897515,297.5016041033221,253.1868595464423,226.23118097565535,190.37460540385996,171.33723765369666,283.48108888433876,237.12444999412932,204.59125103318456,366.84455757244154,189.53976137187897,387.37522834813785,304.423976854754,326.91648098267996,329.0612455326068,296.31049276429786,169.33313665777882,296.0410905755287,147.10378197819819,297.1504746425383,117.7306348175606,295.5469662847941,28.889639407448612
346.0435711547626,385.84562473150845,249.7114668520893,385.423916164572,297.9534359641017,321.95827466897515,297.5016041033221,253.1868595464423,226.23118097565535,190.37460540385996,171.373771940125,283.4856793201277,237.1648140003215,204.5487562216258,366.84455757244154,189.53976137187897,387.37522834813785,304.423976854754,326.91648098267996,329.0612455326068,296.31049276429786,169.33313665777882,296.0410905755287,147.10378197819819,297.1504746425383,117.7306348175606,295.5469662847941,28.889639407448612
346.0435711547626,385.84562473150845,249.7114668520893,385.423916164572,297.9534359641017,321.95827466897515,297.5024693302026,253.18275264844783,226.2326205486509,190.33306832284416,171.41617587418543,283.5152590747449,237.24136963829181,204.74707433213518,366.8447055394402,189.50183241508967,387.4511542188287,304.3822566168365,326.99366365735006,329.0616006652141,296.31049276429786,169.33313665777882,296.0410905755287,147.10378197819819,297.15136149733974,117.7275753979543,295.50934649348034,28.887216185097373
346.0435711547626,385.84562473150845,249.7114668520893,385.423916164572,297.9534359641017,321.95827466897515,297.50333454287545,253.17864581789104,226.2004204652372,190.356433284765,171.99083614265666,284.16474933321524,237.65338326845654,206.076312609188,366.80708909787876,189.46015710718973,387.56531472594423,304.29413556080266,327.18820890757996,329.1629407863988,296.27593966897854,169.31926077995308,295.96840090139005,147.09048693198065,297.0397437810558,117.63447737123897,295.3616294788323,28.832038646386422
346.0435711547626,385.84562473150845,249.7114668520893,385.423916164572,297.9542949683609,321.9536167593519,297.5429760977486,253.17059303129759,226.25007199971134,190.2518928103632,173.13534797455196,285.28077281261255,238.6000362331034,208.52617693804746,366.84633826024105,189.44592083606074,387.5660670275222,304.26706033172604,327.3450033729556,329.4076502654118,296.3193439562972,169.2608443344261,296.0136305683074,147.02657448530852,297.0480035223904,117.45219405831267,295.45043464449924,28.72522017828817
346.0435711547626,385.84562473150845,249.7114668520893,385.423916164572,297.9542949683609,321.9536167593519,297.546435448366,253.15416691460064,226.30553702199,190.1329575431356,174.69487673937405,286.8235024968003,239.88944310106686,212.08873343851542,366.92394002793975,189.42823902473071,387.6429837214719,304.18925117405007,327.5806359700118,329.7148213058192,296.3662562811761,169.1887097548107,296.0996013432958,146.95305930867892,297.021157214954,117.21889188397358,295.50525880758477,28.568238287397776
346.0434485264895,385.8830041845645,249.7114668520893,385.423916164572,297.9551539585559,321.9489589259911,297.58780326907544,253.13790253247203,226.3638838502894,189.968922848268,176.63344574138347,288.74439150553013,241.48690128538038,216.79151330803313,366.9637743697931,189.40681330424854,387.72009044826757,304.13545900611484,327.89433912536515,330.12752409950684,296.4520319612355,169.15126604403667,296.18725191580677,146.91108563504065,297.0357650368474,116.93793874368782,295.6030365754485,28.399942743933025
346.0434485264895,385.8830041845645,249.7114779502569,385.3865528232969,297.95601293468707,321.9443011688909,297.63089650679524,253.11342762923323,226.4646021388092,189.79427953626237,178.94725070878388,290.89364756065885,243.4005657614998,222.53331917299897,367.0422502092344,189.37834868911227,387.75962828209487,304.0724889758255,328.2469749637155,330.61206776306074,296.5785421782902,169.0657277060485,296.316560531199,146.8182420184038,297.0152745184026,116.60604689218167,295.70531010462736,28.18168264889323
346.0439129097852,385.87783338879757,249.7114779502569,385.3865528232969,297.9568718967547,321.9396434880495,297.67405246191225,253.0512436265044,226.53017937810074,189.6123417369156,181.4865457397753,293.2556350427892,245.47820460783208,229.3006450359867,367.1210103724281,189.34629306249076,387.8375421965747,303.92563076089635,328.63913998510395,331.16358477430435,296.6687236003207,168.9732069817261,296.40868943262154,146.68401658736673,296.9967007646627,116.1908315820491,295.8102794643562,27.918100730297283
346.0439129097852,385.87783338879757,249.7114779502569,385.3865528232969,297.9955312107795,321.9351585434636,297.7171372885356,253.0267753489618,226.63810282295873,189.41982698293725,184.16874425447975,295.6087501945117,247.72587036655793,236.95486823062902,367.23765919635554,189.3523078928048,387.9530065806465,303.84951896959785,329.109364636949,331.78219660114866,296.798674607475,168.87400295846476,296.540561759085,146.58149231789355,296.9799085338493,115.76967987626279,295.9571609504385,27.68415683987996
346.0439129097852,385.87783338879757,249.71272880345632,385.38138837797436,297.9963898354402,321.9305010128769,297.7240428632555,252.99394058640985,226.67142976071602,189.2234898529574,186.95391130635417,297.95178598250124,249.9529813211465,245.47537281445966,367.2410371416839,189.2748592660662,387.95554752161337,303.6933809506456,329.54150386826655,332.39561376885064,296.8153449421217,168.77096530251833,296.5599186913644,146.47208651779147,296.8497861607463,115.3005100577899,295.9135285453218,27.406643288030068
346.0439129097852,385.87783338879757,249.71272880345632,385.38138837797436,297.99724844604344,321.92584355854314,297.7679830315395,252.96537428741544,226.82016954109255,188.98619409829416,189.83822458302717,300.0224813597603,252.2818008374746,254.6429300089103,367.3579504301922,189.27728516232094,388.03354723443874,303.6036443360056,330.05101818801637,333.0808737465855,296.98501262358195,168.66511899143325,296.77135721468886,146.356943268402,296.91400984664034,114.8292023040201,296.1416913428426,27.123299439825587
346.0437902822603,385.91521245590394,249.71272880345632,385.38138837797436,297.99810704258954,321.92118618046084,297.81278048022114,252.9327081570026,226.93377398804753,188.77955050148807,192.66239508855074,301.87196171983913,254.4785986801187,264.32985405252896,367.4755761136457,189.23461886483858,388.149465888404,303.4766007824279,330.5989156174372,333.7660883572337,297.1174699336783,168.55573909177735,296.9065934200626,146.24156149924147,296.8631454690261,114.31602462792421,296.293732769255,26.83761880082102
346.0437902822603,385.91521245590394,249.71273990300645,385.3440252493705,298.03762302687306,321.9120443018184,297.89553284920254,252.86250650362626,227.0852964979805,188.53526786057512,195.38569493056468,303.31573740476733,256.54616735236283,274.2841333928285,367.59302994579144,189.2298632309438,388.15187507885923,303.38659054203185,331.07003991093325,334.4841138953873,297.2878345154771,168.48446631753723,297.11875285056857,146.1232686570752,296.8914041976091,113.7973170182089,296.56357615481073,26.545664647752005
346.0437902822603,385.91521245590394,249.71273990300645,385.3440252493705,298.03848127199416,321.9073871502217,297.94031614275866,252.8298513404916,227.23675576967557,188.29108717153588,198.00100970234703,304.33569839179387,258.3683114725556,284.30056110763553,367.7103196848251,189.19080150756076,388.23009600679273,303.2549564282249,331.6180738563243,335.20224815634566,297.45907520288677,168.3718809468594,297.29184473577686,146.04609593795124,296.91869462726794,113.32050218215932,296.7537072014651,26.298970656351344
346.0437902822603,385.91521245590394,249.71273990300645,385.3440252493705,298.0393395030647,321.9027300748689,297.9850935732335,252.79720045260922,227.35164517092818,188.081140586282,200.50001045254712,304.91871691397665,259.9423833790187,294.1887200770977,367.8277279325644,189.18605113040462,388.2703648259676,303.1606849893955,332.08945005204174,335.91491441658144,297.59138218639777,168.26260837267841,297.46667210698075,145.92451185074572,296.90828296498483,112.8021539526435,296.98480905215666,26.0072915522303
346.0437902822603,385.91521245590394,249.71273990300645,385.3440252493705,298.0410559230551,321.89341615288726,298.06775138483323,252.76471433159873,227.5015568145855,187.8785868143683,202.76615805711216,305.0754887359607,261.22869225895295,303.6783961712334,367.90680124059725,189.18474300599757,388.27275304219864,303.07077182466367,332.560068945257,336.6321909123639,297.7235767224143,168.19127770069315,297.60166267569895,145.8093081475555,296.93466966263253,112.32881524202458,297.136290565285,25.760828508505824
346.04366765501936,385.95259143646257,249.71273990300645,385.3440252493705,298.0797114128018,321.88893194380915,298.1125146209956,252.73207197527108,227.65140804679413,187.67611466764708,204.8285905262498,304.7602546550517,262.1834020538693,312.59751935098683,368.06205040272795,189.14584572786623,388.38841838609096,302.9484130692282,333.1071956054671,337.27802287218884,297.89285485131353,168.1235328964217,297.7736892783679,145.73547792900524,296.92051166084315,111.93875342752494,297.28409383237965,25.562024947578948
346.04366765501936,385.95259143646257,249.71273990300645,385.3440252493705,298.0805692784424,321.88427517115633,298.1564128482366,252.70353347620357,227.76183185881519,187.51498420842233,206.72165761161125,304.10156890845064,262.84295073257533,320.8064587845007,368.14108798543884,189.14454151259247,388.42840425268184,302.86322372150926,333.5777022647653,337.9184108867858,298.02415792030484,168.01777254620413,297.9456509854991,145.66167556226185,296.9855005331191,111.4659629875523,297.51208202237365,25.316109870530227
346.04366765501936,385.95259143646257,249.71275100258228,385.3066620342939,298.0822849675924,321.87496185455234,298.239902359518,252.66696052322118,227.95238116817396,187.3056757059569,208.40407950636063,303.1516902225978,263.239255481663,328.0341093306121,368.25840977107674,189.13979749876353,388.4304113848944,302.7868730215522,333.93160950764934,338.4914078735128,298.1950537229585,167.94325189404958,298.15727953566727,145.5815794396574,297.01450708867554,110.98427317542917,297.7799341297347,25.104372739056885
